Year,SR,Road Name,From,SegmentFrom,OffsetFrom,To,SegmentTo,OffsetTo,Municipality1,Municipality2,Municipality3,Miles Planned,cty_code,longcode,shortcode,SOURCE
2022,1011,WELSH RD,Ashton Rd,0030,0000,Kismet Rd,100.0,1719.0,PHILADELPHIA,,,3.04,67,10110030000001001719,101100300100,5-year plan 2022-2026
2026,1010,STUMP RD,Durham Rd / SR 0413,0080,0000,Covered Bridge Rd / Stump Rd / SR 1011,0100,2324,PLUMSTEAD,,,1.73,9,10100080000001002324,101000800100,5-year plan 2022-2026
2026,3011,CEDAR GROVE RD,Hector St / SR 3058,0050,0000,Butler Pk,0070,2836.0,WHITEMARSH,,,1.18,46,30110050000000702836,301100500070,5-year plan 2022-2026
2026,1011,STUMP RD,Covered Bridge Rd / Tohickon Hill Rd / SR 1010,0010,0000,Stover Park Rd.,0020,2629,PLUMSTEAD,,,0.83,9,10110010000000202629,101100100020,5-year plan 2022-2026
2026,1013,CREEK RD,Kellers Church Rd / SR 4091,0010,0000,Rolling Hills Rd,0030,1593,BEDMINSTER,,,1.58,9,10130010000000301593,101300100030,5-year plan 2022-2026
2026,2053,PENN VALLEY RD,Old Bristol Pk / SR 2055,0010,0000,Oxford Valley Rd / SR 2051,0070,1880,FALLS,BRISTOL,,3.35,9,20530010000000701880,205300100070,5-year plan 2022-2026
2026,3002,STATE ST,Butler Ave / SR 4202,0010,0000,Doylestown BP / SR 0202,0080,2045,DOYLESTOWN,DOYLESTOWN,,1.77,9,30020010000000802045,300200100080,5-year plan 2022-2026
2026,3002,STATE ST,Butler Ave / SR 4202,0011,0000,Doylestown BP / SR 0202,0051,2882,DOYLESTOWN,DOYLESTOWN,,0.83,9,30020011000000512882,300200110051,5-year plan 2022-2026
2026,4003,ELEPHANT RD,Main St / SR 0313,0100,0000,Old Bethlehem Rd / SR 4041,0190,1048,DUBLIN,BEDMINSTER,,5.31,9,40030100000001901048,400301000190,5-year plan 2022-2026
2026,4023,DEEP RUN RD,Elephant Rd / SR 4003,0010,0000,Irish Meeting House Rd / Deep Run Rd / SR 4025,0050,3466,DUBLIN,BEDMINSTER,,2.99,9,40230010000000503466,402300100050,5-year plan 2022-2026
2022,2045,OLD LINCOLN HW,US-1,0004,0000,Maple Ave / SR 213,0040,1298.0,MIDDLETOWN,,,1.63,9,20450004000000401298,204500040040,5-year plan 2022-2026
2022,2045,OLD LINCOLN HW,US-1,0005,0000,Maple Ave / SR 213,0005,100.0,MIDDLETOWN,,,0.02,9,20450005000000050100,204500050005,5-year plan 2022-2026
2022,2050,LINCOLN HW,Tyburn Rd / SR 2020,0010,0000,Woolston Dr / SR 2022,0020,1573.0,FALLS,,,0.58,9,20500010000000201573,205000100020,5-year plan 2022-2026
2022,2050,LINCOLN HW,Tyburn Rd / SR 2020,0011,0000,Woolston Dr / SR 2022,0021,1540.0,FALLS,,,0.56,9,20500011000000211540,205000110021,5-year plan 2022-2026
2022,1011,WELSH RD,Neil Rd,0071,0000,Kismet Rd,101.0,1712.0,PHILADELPHIA,,,1.79,67,10110071000001011712,101100710101,5-year plan 2022-2026
2026,3032,RACE ST,8th St.,0010,0000,6th St / SR 2005,10.0,918.0,PHILADELPHIA,,,0.17,67,30320010000000100918,303200100010,5-year plan 2022-2026
2022,4202,BUTLER AV,County Line Rd / SR 2038,0010,0000,440' N of New Britain Rd,0110,3407.0,NEW BRITAIN,CHALFONT,NEW BRITAIN,4.8,9,42020010000001103407,420200100110,5-year plan 2022-2026
2022,4202,BUTLER AV,County Line Rd / SR 2038,0015,0000,440' N of New Britain Rd,0015,461.0,NEW BRITAIN,,,0.09,9,42020015000000150461,420200150015,5-year plan 2022-2026
2023,0202,DOYLESTOWN BP,Ramp Rd (SR 8047) / SR 0611 interchange,0148,0000,Buckingham Twp. Line / Swamp Rd / SR 0313,0178,2157.0,DOYLESTOWN,DOYLESTOWN,,2.44,9,02020148000001782157,020201480178,5-year plan 2022-2026
2023,0202,DOYLESTOWN BP,Ramp Rd (SR 8047) / SR 0611 interchange,0149,0000,Buckingham Twp. Line / Swamp Rd / SR 0313,0179,2170.0,DOYLESTOWN,DOYLESTOWN,,2.43,9,02020149000001792170,020201490179,5-year plan 2022-2026
2023,2065,BUSTLETON PK,Bristol Rd / SR 2025,0010,0000,Second Street Pk / SR 0232,0050,2447.0,NORTHAMPTON,,,2.16,9,20650010000000502447,206500100050,5-year plan 2022-2026
2023,4019,MINSI TR,Hilltown Pk / Dublin Rd / SR 4003,0010,0000,Dublin Pk / SR 0313,0060,3185.0,HILLTOWN,,,3.47,9,40190010000000603185,401900100060,5-year plan 2022-2026
2024,0032,RIVER RD,Upper York Rd / SR 0263,0430,0000,Dark Hollow Rd / SR 1013,0610,2860.0,TINICUM,SOLEBURY,PLUMSTEAD,9.36,9,00320430000006102860,003204300610,5-year plan 2022-2026
2024,0611,DOYLESTOWN BP,Turk Rd / Bridge,0100,0000,Ferry Rd,0200,747.0,DOYLESTOWN,PLUMSTEAD,DOYLESTOWN,5.23,9,06110100000002000747,061101000200,5-year plan 2022-2026
2024,0611,DOYLESTOWN BP,Turk Rd / Bridge,0101,0000,Ferry Rd,0201,2515.0,DOYLESTOWN,PLUMSTEAD,DOYLESTOWN,5.16,9,06110101000002012515,061101010201,5-year plan 2022-2026
2024,2020,NEW TYBURN RD,Lincoln Hwy / SR 2050,0010,0000,New Bold Rd / Bridge,0040,3244.0,FALLS,,,2.33,9,20200010000000403244,202000100040,5-year plan 2022-2026
2024,2020,NEW TYBURN RD,Lincoln Hwy / SR 2050 / SR 2037,0011,0000,New Bold Rd / Bridge,0041,3241.0,FALLS,,,2.32,9,20200011000000413241,202000110041,5-year plan 2022-2026
2022,0313,SWAMP RD,Bedminster Rd / Souderton Rd / SR 0113,0222,0000,Curly Hill Rd / SR 1008,0282,2345.0,DUBLIN,NEW BRITAIN,HILLTOWN,3.72,9,03130222000002822345,031302220282,5-year plan 2022-2026
2026,4025,IRISH MEETING H,Elephant Rd / SR 4003,0010,0000,Quarry Rd / SR 1013,0070,2375,BEDMINSTER,,,3.34,9,40250010000000702375,402500100070,5-year plan 2022-2026
2026,4039,FIFTH ST,Ridge Rd / SR 0563,0010,0000,Old Bethlehem Rd / SR 4041,0090,1718,PERKASIE,EAST ROCKHILL,,3.78,9,40390010000000901718,403900100090,5-year plan 2022-2026
2026,4073,GERYVILLE PK,Montgomery Co. Line,0010,0000,Lehigh Co. Line,0020,3037,MILFORD,,,0.79,9,40730010000000203037,407300100020,5-year plan 2022-2026
2026,4089,BLOOMING GLEN R,Souderton Rd / SR 0113,0030,0000,E. Rockhill Twp. Line,0040,3095,HILLTOWN,,,1.18,9,40890030000000403095,408900300040,5-year plan 2022-2026
2026,4091,KELLERS CHURCH,Easton Rd / SR 0611,0010,0000,Ridge Rd / SR 4097,0120,2103,PLUMSTEAD,BEDMINSTER,,6.69,9,40910010000001202103,409100100120,5-year plan 2022-2026
2025,0663,JOHN FRIES HW,436' S of Spinnerstown Rd / SR 4057,0050,0000,Bethlehem Pk / SR 0309,0140,1521.0,QUAKERTOWN,RICHLAND,MILFORD,3.93,9,06630050000001401521,066300500140,5-year plan 2022-2026
2025,0663,JOHN FRIES HW,436' S of Spinnerstown Rd / SR 4057,0051,0000,Bethlehem Pk / SR 0309,0141,1526.0,MILFORD,,,1.28,9,06630051000001411526,066300510141,5-year plan 2022-2026
2025,1003,AQUETONG RD,River Rd / SR 0032,0010,0000,Lower York Rd / SR 0202,0064,2038.0,SOLEBURY,,,3.94,9,10030010000000642038,100300100064,5-year plan 2022-2026
2025,1004,CARVERSVILLE RD,540' E of Ashleigh Bl,0050,0000,Wismer Rd / SR 1003,0090,3581.0,SOLEBURY,BUCKINGHAM,,2.6,9,10040050000000903581,100400500090,5-year plan 2022-2026
2025,1004,COLD SPRING CRE,540' E of Ashleigh Bl,0051,0000,Wismer Rd / SR 1003,0051,1280.0,BUCKINGHAM,,,0.24,9,10040051000000511280,100400510051,5-year plan 2022-2026
2025,2025,BRISTOL RD,Branch of Mill Creek / Bridge,0052,0000,Jacksonville Rd / SR 0332,0144,1460.0,IVYLAND,WARWICK,WARRINGTON,6.5,9,20250052000001441460,202500520144,5-year plan 2022-2026
2026,1010,STUMP RD,Swamp Rd / SR 0313,0010,0000,Cabin Run Rd,0040,3845,PLUMSTEAD,,,2.49,9,10100010000000403845,101000100040,5-year plan 2022-2026
2024,0202,WEST CHESTER BP,Matlack St,0090,0000,PA 100 BP,0170,1295.0,WEST GOSHEN,WEST GOSHEN,EAST WHITELAND,3.35,15,02020090000001701295,020200900170,5-year plan 2022-2026
2024,0202,WEST CHESTER BP,Matlack St,0091,0000,PA 100 BP,0171,1340.0,WEST GOSHEN,WEST GOSHEN,EAST WHITELAND,3.35,15,02020091000001711340,020200910171,5-year plan 2022-2026
2024,2010,STRASBURG RD,W. Chester Pk / SR 0003,0010,0000,Christine Ln,0040,3147.0,WEST GOSHEN,EAST GOSHEN,EAST GOSHEN,1.94,15,20100010000000403147,201000100040,5-year plan 2022-2026
2023,0010,COMPASS RD,Lincoln Hwy / SR 0030,0290,0000,Beaver Dam Rd,0430,1440.0,WEST SADSBURY,WEST CALN,SADSBURY,6.1,15,00100290000004301440,001002900430,5-year plan 2022-2026
2024,3063,COPELAND SCHOOL,Downingtown Pk / SR 0322,0030,0000,Conner Rd / Copeland School Rd / SR 3065,0040,2689.0,EAST BRADFORD,,,0.78,15,30630030000000402689,306300300040,5-year plan 2022-2026
2022,0272,CHRISTINE RD WE,Maryland State Line,0010,0000,Baltimore Pk / SR 3026,0050,3362.0,WEST NOTTINGHAM,EAST NOTTINGHAM,,3.03,15,02720010000000503362,027200100050,5-year plan 2022-2026
2022,0724,SCHUYLKILL RD,Whartnaby St,0042,0000,Park Rd / Hill Church Rd / SR 1041,0192,2826.0,NORTH COVENTRY,EAST VINCENT,EAST COVENTRY,7.39,15,07240042000001922826,072400420192,5-year plan 2022-2026
2022,0724,SCHUYLKILL RD,Whartnaby St,0043,0000,Ramp Rd / SR 8051,0043,1766.0,NORTH COVENTRY,,,0.33,15,07240043000000431766,072400430043,5-year plan 2022-2026
2022,3056,DOE RUN STATION,Gum Tree Rd / SR 3043,0080,0000,Doe Run Station Rd / T370,0080,3670.0,HIGHLAND,,,0.7,15,30560080000000803670,305600800080,5-year plan 2022-2026
2025,0023,RIDGE RD,Pottstown Pk / SR 0100,0240,0000,SchuyLkill Rd / SR 0724,0370,1970.0,SOUTH COVENTRY,EAST VINCENT,EAST PIKELAND,6.75,15,00230240000003701970,002302400370,5-year plan 2022-2026
2025,0202,SR 0202 SH,PA 100 BP,0180,0000,SR 8033 interchange,0250,2200.0,WEST WHITELAND,WEST GOSHEN,EAST WHITELAND,3.47,15,02020180000002502200,020201800250,5-year plan 2022-2026
2025,0202,SR 0202 SH,PA 100 BP,0181,0000,SR 8033 interchange,0251,2254.0,WEST WHITELAND,WEST GOSHEN,EAST WHITELAND,3.46,15,02020181000002512254,020201810251,5-year plan 2022-2026
2025,1016,YELLOW SPRINGS,Diamond Rock Rd / SR 1005,0060,0000,Valley Forge Rd / SR 0252,0100,1056.0,TREDYFFRIN,,,2.55,15,10160060000001001056,101600600100,5-year plan 2022-2026
2025,1022,BYERS RD,Pottstown Pk / SR 0100,0010,0000,Conestoga Rd / SR 0401,0040,3455.0,WEST PIKELAND,UWCHLAN,UPPER UWCHLAN,2.5,15,10220010000000403455,102200100040,5-year plan 2022-2026
2025,2007,WESTTOWN RD,Old Westtown Rd,0070,0000,Montgomery Ave / SR 2009,0100,2747.0,WEST GOSHEN,,,2.02,15,20070070000001002747,200700700100,5-year plan 2022-2026
2025,3022,PENNOCK BRIDGE,Kelton Pennocks Bridge,0072,0000,Wickerton Rd / SR 0841,0094,2852.0,FRANKLIN,,,1.48,15,30220072000000942852,302200720094,5-year plan 2022-2026
2025,3025,WAWASET RD,Lenape Rd / SR 0052,0056,0000,Unionville Wawaset Rd / SR 0842,0086,2184.0,POCOPSON,,,2.41,15,30250056000000862184,302500560086,5-year plan 2022-2026
2025,3025,WAWASET RD,Lenape Rd / SR 0052,0057,0000,Unionville Wawaset Rd / SR 0842,0057,120.0,POCOPSON,,,0.02,15,30250057000000570120,302500570057,5-year plan 2022-2026
2025,3041,FRIENDS MEETING,Gap Newport Pk / SR 0041,0010,0000,Gum Tree Rd / SR 3043,0050,2771.0,LONDONDERRY,HIGHLAND,,3.09,15,30410010000000502771,304100100050,5-year plan 2022-2026
2025,3058,NORTHBROOK RD,BrandywineDr. /  Northbrook Rd / SR 3027,0050,0000,Strasburg Rd / SR 0162,0080,1726.0,WEST BRADFORD,,,1.91,15,30580050000000801726,305800500080,5-year plan 2022-2026
2025,3062,STRASBURG RD,Doe Run Rd / SR 0082,0060,0000,West Bradford - Romansville Circle,0180,1750.0,WEST BRADFORD,NEWLIN,EAST FALLOWFIELD,5.36,15,30620060000001801750,306200600180,5-year plan 2022-2026
2026,1028,PUGHTOWN RD,Pottstown Pk / SR 0100,0020,0000,Kimberton Rd,0100,2747,WEST VINCENT,SOUTH COVENTRY,EAST VINCENT,5.31,15,10280020000001002747,102800200100,5-year plan 2022-2026
2026,1033,SHEEDER RD,Pughtown Rd / SR 1028,0040,0000,Ridge Rd / SR 0023,0050,3926,EAST VINCENT,,,1.49,15,10330040000000503926,103300400050,5-year plan 2022-2026
2026,2002,BRINTONS BRIDGE,Creek Rd / SR 3100,0010,0000,Old Wilmington Pk / Oakland Rd,0040,2812,BIRMINGHAM,,,2.28,15,20020010000000402812,200200100040,5-year plan 2022-2026
2026,2010,GOSHEN RD,Christine Ln,0050,0000,Delaware Co. Line,0140,3587,WILLISTOWN,EAST GOSHEN,,5.09,15,20100050000001403587,201000500140,5-year plan 2022-2026
2026,2015,WARREN AV,Providence Rd / SR 2016,0020,0000,Paoli Pk / SR 2014,0060,1658,WILLISTOWN,,,2.30,15,20150020000000601658,201500200060,5-year plan 2022-2026
2026,3033,NEWARK RD,Church Rd,0090,0000,Upland Rd / SR 0842,0120,2499,WEST MARLBOROUGH,NEW GARDEN,,2.22,15,30330090000001202499,303300900120,5-year plan 2022-2026
2026,3036,KENNETT RD,Kaolin Rd / SR 3013,0010,0000,Delaware State Line,0060,2624,KENNETT,EAST NOTTINGHAM,,2.77,15,30360010000000602624,303600100060,5-year plan 2022-2026
2026,3063,CONNER RD,Copeland School Rd / SR 3065,0050,0000,Valley Creek Rd,0060,3518,EAST BRADFORD,,,1.33,15,30630050000000603518,306300500060,5-year plan 2022-2026
2026,3065,COPELAND SCHOOL,Conner Rd,0010,0000,Sunset Hollow Rd / Copeland School Rd / SR 3067,0010,3850,EAST BRADFORD,,,0.73,15,30650010000000103850,306500100010,5-year plan 2022-2026
2026,3085,SCROGGY RD,Pine St,0012,0000,Cream Rd / Scroggy Rd / SR 3032,0054,2896,LOWER OXFORD,,,3.47,15,30850012000000542896,308500120054,5-year plan 2022-2026
2022,2028,MORTON AV,Fourth St / SR 0291,0010,0000,Ninth St / SR 0013,0010,1636.0,CHESTER CITY,,,0.31,23,20280010000000101636,202800100010,5-year plan 2022-2026
2022,4005,VALLEY RD,Baltimore Pk / SR 0001,0010,0000,Middletown Rd / SR 0352,0060,1801.0,CHESTER HEIGHTS,MIDDLETOWN,EDGMONT,3.71,23,40050010000000601801,400500100060,5-year plan 2022-2026
2023,0202,WILMINGTON PK,Delaware State Line,0010,0000,Baltimore Pk / SR 0001,0080,3216.0,CONCORD,CHADDS FORD,BETHEL,2.99,23,02020010000000803216,020200100080,5-year plan 2022-2026
2023,0202,WILMINGTON PK,Delaware State Line,0011,0000,Baltimore Pk / SR 0001,0081,3190.0,CONCORD,CHADDS FORD,,2.99,23,02020011000000813190,020200110081,5-year plan 2022-2026
2023,3007,CONCORD RD,Bethel Rd / SR 3010,0020,0000,Covent Rd / Aston Mills Rd / SR 3023,0060,3774.0,CHESTER,ASTON,BETHEL,3.56,23,30070020000000603774,300700200060,5-year plan 2022-2026
2023,6291,GOVERNOR PRINTZ,Bartram Ave/ SR 0291,0010,0000,Philadelphia Co. Line,0010,2465.0,TINICUM,,,0.47,23,62910010000000102465,629100100010,5-year plan 2022-2026
2023,6291,GOVERNOR PRINTZ,Bartram Ave / SR 0291,0011,0000,Philadelphia Co. Line,0011,2441.0,TINICUM,,,0.46,23,62910011000000112441,629100110011,5-year plan 2022-2026
2026,3025,LINDBERGH BL,63rd St / SR 3004,0011,0000,Elmwood Ave,21.0,2460.0,PHILADELPHIA,,,0.82,67,30250011000000212460,302500110021,5-year plan 2022-2026
2024,3007,CONCORD RD,Covent Rd / Aston Mills Rd / SR 3023,0070,0000,Baltimore Pk / SR 0001,0130,3637.0,CONCORD,BETHEL,ASTON,4.68,23,30070070000001303637,300700700130,5-year plan 2022-2026
2024,3044,BEAVER VALLEY R,Beaver Dam Rd / SR 3015 / Del. State Line,0010,0000,Wilmington West Chester Pk / SR 0202,0030,2242.0,CONCORD,CHADDS FORD,,1.64,23,30440010000000302242,304400100030,5-year plan 2022-2026
2025,3003,TURNER RD,Providence Rd / SR 0252,0090,0000,Baltimore Pk / SR 2016,0100,3847.0,NETHER PROVIDENCE,,,1.14,23,30030090000001003847,300300900100,5-year plan 2022-2026
2026,0202,WILMINGTON PK,Baltimore Pk / SR 0001,0090,0000,Dilworthtown Rd / SR 4016 / Chester Co. Line,0116,2108.0,CONCORD,CHADDS FORD,,1.66,23,02020090000001162108,020200900116,5-year plan 2022-2026
2026,0202,WILMINGTON PK,Baltimore Pk / SR 0001,0091,0000,Dilworthtown Rd / SR 4016 / Chester Co. Line,0117,2372.0,CONCORD,CHADDS FORD,,1.65,23,02020091000001172372,020200910117,5-year plan 2022-2026
2022,3016,MATSONFORD RD,County Line Rd / Delaware Co. Line,0051,0000,Elm Street / SF 3058 / SR 3013,0051,2957.0,WEST CONSHOHOCKEN,CONSHOHOCKEN,,0.56,46,30160051000000512957,301600510051,5-year plan 2022-2026
2022,4008,YERKES RD,Collegeville Rd / SR 0029,0010,0000,Level Rd,0030,518.0,UPPER PROVIDENCE,LOWER PROVIDENCE,,1.26,46,40080010000000300518,400800100030,5-year plan 2022-2026
2023,0023,VALLEY FORGE RD,Valley Forge Cr / Moore Rd,0090,0000,Allendale Rd,0110,1080.0,UPPER MERION,UPPER MERION,,0.77,46,00230090000001101080,002300900110,5-year plan 2022-2026
2023,0023,VALLEY FORGE RD,Valley Forge Cr / Moore Rd,0111,0000,Allendale Rd,0111,1072.0,UPPER MERION,,,0.2,46,00230111000001111072,002301110111,5-year plan 2022-2026
2023,0073,BIG RD,Colonial Rd,0130,0000,Gravel Pk / SR 0029,0182,88.0,UPPER FREDERICK,LOWER FREDERICK,LOWER FREDERICK,3.3,46,00730130000001820088,007301300182,5-year plan 2022-2026
2023,0320,SWEDELAND RD,County Line Rd / Delaware Co. Line,0010,0000,River Rd / SR 0023,0060,2581.0,UPPER MERION,LOWER MERION,,2.55,46,03200010000000602581,032000100060,5-year plan 2022-2026
2023,0320,SOUTH GULPH RD,County Line Rd / Delaware Co. Line,0031,0000,River Rd / SR 0023,0031,453.0,UPPER MERION,,,0.09,46,03200031000000310453,032000310031,5-year plan 2022-2026
2023,2018,BETHLEHEM PK,Stenton Ave / SR 3003,0010,0000,Church Rd / SR 0073,0050,3074.0,WHITEMARSH,SPRINGFIELD,,2.38,46,20180010000000503074,201800100050,5-year plan 2022-2026
2023,2018,BETHLEHEM PK,Stenton Ave / SR 3003 / Paper Mill Rd / SR 2032,0011,0000,Church Rd / SR 0073,0041,1309.0,WHITEMARSH,SPRINGFIELD,,1.8,46,20180011000000411309,201800110041,5-year plan 2022-2026
2023,3014,JOSHUA RD,Cedar Grove Rd / SR 3011,0010,0000,Morris Rd / SR 2001,0110,1887.0,WHITEMARSH,,,5.37,46,30140010000001101887,301400100110,5-year plan 2022-2026
2023,3041,SWEDELAND RD,South Gulph Rd / SR 3039,0012,0000,Holstein Rd / SR 0320,0012,1988.0,UPPER MERION,,,0.38,46,30410012000000121988,304100120012,5-year plan 2022-2026
2025,0332,MONTGOMERY AV,York Rd / SR 0263,0010,0000,County Line Rd / SR 2038,0020,3232.0,HATBORO,,,0.84,46,03320010000000203232,033200100020,5-year plan 2022-2026
2025,0463,HORSHAM RD,Norristown Rd / SR 2052,0242,0000,Easton Rd / SR 0611,0262,997.0,HORSHAM,,,1.1,46,04630242000002620997,046302420262,5-year plan 2022-2026
2025,0463,HORSHAM RD,Norristown Rd / SR 2052,0243,0000,Easton Rd / SR 0611,0263,997.0,HORSHAM,,,1.1,46,04630243000002630997,046302430263,5-year plan 2022-2026
2025,1001,ALLENTOWN RD,Weikel Rd,0060,0000,Harleysville Pk / SR 0113,0160,2764.0,TOWAMENCIN,FRANCONIA,HATFIELD,5.14,46,10010060000001602764,100100600160,5-year plan 2022-2026
2025,1017,PERKIOMENVILLE,Old Skippack Rd / SR 1026,0090,0000,Upper Ridge Rd / SR 1032,0120,2064.0,UPPER SALFORD,MARLBOROUGH,,1.89,46,10170090000001202064,101700900120,5-year plan 2022-2026
2025,1025,SALFORD STATION,Gravel Pk / SR 0029,0040,0000,Kratz Rd,0040,448.0,LOWER FREDERICK,,,0.08,46,10250040000000400448,102500400040,5-year plan 2022-2026
2025,2001,MORRIS RD,School Rd / Plymouth Rd / SR 2016,0070,0000,Valley Forge Rd / SR 0363,0150,2517.0,WORCESTER,WHITPAIN,UPPER GWYNEDD,4.85,46,20010070000001502517,200100700150,5-year plan 2022-2026
2025,2014,KENAS RD,Horsham Rd / SR 0463,0030,0000,County Line Rd / SR 2038,0050,3164.0,MONTGOMERY,,,1.55,46,20140030000000503164,201400300050,5-year plan 2022-2026
2025,2048,FAIRWAY VALLEY,Fredrick Rd,0010,0000,Old Welsh Rd / SR 0063,0010,989.0,LOWER MORELAND,,,0.19,46,20480010000000100989,204800100010,5-year plan 2022-2026
2025,3028,BROOKS RD,Croton Rd / SR 3024,0010,0000,Gulph Rd / SR 3039,0010,501.0,UPPER MERION,,,0.09,46,30280010000000100501,302800100010,5-year plan 2022-2026
2025,3038,BRYN MAWR AV,Haverford Rd / SR 1001,0010,0000,Lancaster Ave / SR 0030,0010,1788.0,LOWER MERION,,,0.34,46,30380010000000101788,303800100010,5-year plan 2022-2026
2022,0023,VALLEY FORGE RD,Geerdes Blvd.,0120,0000,Matsonford Rd / SR 3016,0280,869.0,WEST CONSHOHOCKEN,BRIDGEPORT,UPPER MERION,6.93,46,00230120000002800869,002301200280,5-year plan 2022-2026
2022,0073,BIG RD,Berks Co. Line,0010,0000,Colonial Rd.,0120,2534.0,UPPER FREDERICK,NEW HANOVER,DOUGLASS,5.95,46,00730010000001202534,007300100120,5-year plan 2022-2026
2026,0030,LANCASTER AV,Church Rd.,0080,0000,City Ave / SR 0001,0120,2232.0,LOWER MERION,,,2.09,46,00300080000001202232,003000800120,5-year plan 2022-2026
2026,0030,LANCASTER AV,Church Rd.,0081,0000,City Ave / SR 0001,0121,2268.0,LOWER MERION,,,2.1,46,00300081000001212268,003000810121,5-year plan 2022-2026
2026,0073,CHURCH RD,Panther Rd.,0610,0000,Abington Twp. Line/ Township Line Rd / SR 2054,0640,1862.0,CHELTENHAM,,,1.81,46,00730610000006401862,007306100640,5-year plan 2022-2026
2026,0073,WASHINGTON LN,Panther Rd.,0631,0000,Abington Twp. Line/ Township Line Rd / SR 2054,0641,1862.0,CHELTENHAM,,,0.7,46,00730631000006411862,007306310641,5-year plan 2022-2026
2026,0113,TRAPPE RD,Ramsgate Dr.,0030,0000,Borough Line Rd.,0060,2029.0,UPPER PROVIDENCE,,,1.91,46,01130030000000602029,011300300060,5-year plan 2022-2026
2026,0252,VALLEY CREEK RD,Chester Co. Line,0010,0000,Valley Forge Park Rd / SR 0023,0014,2825.0,UPPER MERION,,,1.04,46,02520010000000142825,025200100014,5-year plan 2022-2026
2026,3028,CHURCH RD,Gulph Rd / SR 3039,0020,0000,Henderson Rd / SR 3029,0030,3077.0,UPPER MERION,,,0.94,46,30280020000000303077,302800200030,5-year plan 2022-2026
2022,3016,MATSONFORD RD,County Line Rd / Delaware Co. Line,0010,0000,Elm Street / SF 3058 / SR 3013,0050,2971.0,WEST CONSHOHOCKEN,CONSHOHOCKEN,LOWER MERION,2.76,46,30160010000000502971,301600100050,5-year plan 2022-2026
2026,3033,GUTHRIE RD,Swedesford Rd / SR 1010 / Ramp F-2 / SR 8047,0010,0000,Gulph Rd / SR 3039,0010,3573.0,UPPER MERION,,,0.68,46,30330010000000103573,303300100010,5-year plan 2022-2026
2026,3034,ROBERTS RD,Lancaster Pk / SR 0030,0010,0000,Millbank Rd,0020,3747.0,LOWER MERION,,,0.89,46,30340010000000203747,303400100020,5-year plan 2022-2026
2026,3037,BALLIGOMINGO RD,Trinity Ln / SR 0320,0012,0000,Front St / SR 0023,0022,3437.0,WEST CONSHOHOCKEN,UPPER MERION,,1.39,46,30370012000000223437,303700120022,5-year plan 2022-2026
2026,3040,OLD RAILROAD AV,Carter Rd / Delaware Co. Line,0010,0000,Lancaster Ave / SR 0030,0014,452.0,LOWER MERION,,,0.28,46,30400010000000140452,304000100014,5-year plan 2022-2026
2026,3042,ARDMORE AV,County Line Rd / Delaware Co. Line,0010,0000,Lancaster Ave / SR 0030,0010,2271.0,LOWER MERION,,,0.43,46,30420010000000102271,304200100010,5-year plan 2022-2026
2026,3044,WYNNEWOOD RD,County Line Rd / Delaware Co. Line,0010,0000,Lancaster Ave / SR 0030,0030,359.0,LOWER MERION,,,1.0,46,30440010000000300359,304400100030,5-year plan 2022-2026
2026,3044,WYNNEWOOD RD,County Line Rd / Delaware Co. Line,0011,0000,Lancaster Ave / SR 0030,0031,337.0,LOWER MERION,,,1.0,46,30440011000000310337,304400110031,5-year plan 2022-2026
2026,3045,BELMONT AV,City Ave / SR 0001,0010,0000,Schuylkil Exwy / SR 0076,0040,1372.0,LOWER MERION,,,1.64,46,30450010000000401372,304500100040,5-year plan 2022-2026
2026,3045,BELMONT AV,City Ave / SR 0001,0011,0000,Schuylkil Exwy / SR 0076,0011,1759.0,LOWER MERION,,,0.33,46,30450011000000111759,304500110011,5-year plan 2022-2026
2026,4016,LIMERICK RD,Ridge Pk / SR 4031,0010,0000,Township Line Rd / SR 4014,0060,2776.0,PERKIOMEN,LIMERICK,,3.63,46,40160010000000602776,401600100060,5-year plan 2022-2026
2026,4022,LEWIS RD,Lewis Rd / SR 4048 / Ramp B Rd / SR 8011,0050,0000,Ridge Pk / SR 4031,0070,1810.0,LIMERICK,,,1.61,46,40220050000000701810,402200500070,5-year plan 2022-2026
2026,4022,LEWIS RD,Lewis Rd / SR 4048 / Ramp B Rd / SR 8011,0051,0000,Ridge Pk / SR 4031,0051,1967.0,LIMERICK,,,0.37,46,40220051000000511967,402200510051,5-year plan 2022-2026
2025,4005,MILL RD,1821' E. of Mill Rd,0050,0000,Ridge Rd / SR 0113,0080,3466.0,SKIPPACK,,,2.58,46,40050050000000803466,400500500080,5-year plan 2022-2026
2025,4017,LINFIELD TRAPPE,Township Line Rd / SR 4014,0062,0000,Main St / SR 4031,0082,1663.0,UPPER PROVIDENCE,,,1.28,46,40170062000000821663,401700620082,5-year plan 2022-2026
2025,4019,PHEASANT RD,Limerick Rd / SR 4016,0010,0000,Game Farm Rd / SR 4018,0010,3138.0,LIMERICK,,,0.59,46,40190010000000103138,401900100010,5-year plan 2022-2026
2025,4020,YERGER RD,Neifer Rd / SR 4021,0010,0000,Gerloff Rd.,0024,1777.0,LOWER FREDERICK,,,1.39,46,40200010000000241777,402000100024,5-year plan 2022-2026
2025,4034,KEIM ST,Grace St.,0010,0000,Charlotte St / SR 0663,0030,3785.0,LOWER POTTSGROVE,,,2.13,46,40340010000000303785,403400100030,5-year plan 2022-2026
2023,0063,MAIN ST,Orvilla Rd / SR 1004,0252,0000,Greenwood Rd,0312,1564.0,LANSDALE,TOWAMENCIN,MONTGOMERY,2.35,46,00630252000003121564,006302520312,5-year plan 2022-2026
2026,0309,CHELTENHAM AV,Cheltenham Ave / SR 1002,0010,0000,Limekiln Pk / SR 2064,0050,1807.0,CHELTENHAM,,,1.78,46,03090010000000501807,030900100050,5-year plan 2022-2026
2026,0309,CHELTENHAM AV,Cheltenham Ave / SR 1002,0011,0000,Limekiln Pk / SR 2064,0051,1778.0,CHELTENHAM,,,1.77,46,03090011000000511778,030900110051,5-year plan 2022-2026
2026,1014,CHURCH RD,N. Third St.,0022,0000,County Line Rd / SR 4027,0024,1295.0,TELFORD,FRANCONIA,,0.35,46,10140022000000241295,101400220024,5-year plan 2022-2026
2026,1018,CREAMERY RD,Morewood Rd / SR 1016,0040,0000,Allentown Rd / SR 1001,0050,2121.0,FRANCONIA,,,1.08,46,10180040000000502121,101800400050,5-year plan 2022-2026
2026,1030,SWAMP CREEK RD,Geryville Pk,0010,0000,Bucks Co. Line,0074,2995.0,MARLBOROUGH,,,4.34,46,10300010000000742995,103000100074,5-year plan 2022-2026
2026,2019,FOX CHASE RD,Cedar Rd / SR 2058,0010,0000,Huntington Pk / SR 0232,0010,1596.0,ROCKLEDGE,,,0.3,46,20190010000000101596,201900100010,5-year plan 2022-2026
2026,2040,WARMINSTER RD,Easton Rd / SR 0611,0010,0000,Byberry Rd / SR 2009,0040,3124.0,HATBORO,UPPER MORELAND,,1.97,46,20400010000000403124,204000100040,5-year plan 2022-2026
2026,2044,EDGE HILL RD,Morewood Rd / SR 0063,0010,0000,Terwood Rd / SR 2033,0020,2358.0,UPPER MORELAND,,,0.96,46,20440010000000202358,204400100020,5-year plan 2022-2026
2026,2052,NORRISTOWN RD,Sumneytown Pk,0012,0000,Tennis Ave / SR 2020,0032,2029.0,LOWER GWYNEDD,,,1.3,46,20520012000000322029,205200120032,5-year plan 2022-2026
2026,2052,NORRISTOWN RD,Sumneytown Pk,0013,0000,Tennis Ave / SR 2020,0033,2013.0,LOWER GWYNEDD,,,1.3,46,20520013000000332013,205200130033,5-year plan 2022-2026
2026,3001,NORRISTOWN RD,Butler Pk,0010,0000,Walton Rd / SR 3012,0024,3409.0,WHITPAIN,,,1.6,46,30010010000000243409,300100100024,5-year plan 2022-2026
2026,3019,MARSHALL ST,Marshall St / Forrest Ave,0020,0000,Burnside Ave / SR 3004,0030,3106.0,WEST NORRITON,,,1.23,46,30190020000000303106,301900200030,5-year plan 2022-2026
2026,4023,FAGLEYSVILLE RD,116' S. of Colonial Rd / U. Fredrick Twp. Line,0032,0000,Big Rd / SR 0073,0054,2527.0,UPPER FREDERICK,,,1.57,46,40230032000000542527,402300320054,5-year plan 2022-2026
2026,4027,BLIEM RD,Pleasant View Rd / SR 4028,0060,0000,Charlotte St / SR 0663,0080,3400.0,LOWER POTTSGROVE,,,1.88,46,40270060000000803400,402700600080,5-year plan 2022-2026
2026,4031,RIDGE PK,Park Ave / SR 4004,0010,0000,Crosskeys Rd,0070,2448.0,LOWER PROVIDENCE,,,3.33,46,40310010000000702448,403100100070,5-year plan 2022-2026
2026,4031,RIDGE PK,Park Ave / SR 4004,0071,0000,Crosskeys Rd,0071,2448.0,LOWER PROVIDENCE,,,0.46,46,40310071000000712448,403100710071,5-year plan 2022-2026
2026,4049,UPLAND SQUARE D,Pottstown Boyertown BP / SR 0100,0010,0000,Sell Rd.,0020,2735.0,WEST POTTSGROVE,,,0.86,46,40490010000000202735,404900100020,5-year plan 2022-2026
2026,4049,UPLAND SQUARE D,Pottstown Boyertown BP / SR 0100,0011,0000,Sell Rd.,0011,1792.0,WEST POTTSGROVE,,,0.34,46,40490011000000111792,404900110011,5-year plan 2022-2026
2024,0001,ROOSEVELT BL,Strahle St.,0291,0000,Bucks County Line,381.0,3012.0,PHILADELPHIA,,,5.24,67,00010291000003813012,000102910381,5-year plan 2022-2026
2024,1001,VERREE RD,Oxford Ave / SR 0232,0080,0000,Bustleton Ave / SR 0532,150.0,3451.0,PHILADELPHIA,,,4.29,67,10010080000001503451,100100800150,5-year plan 2022-2026
2024,1016,HOLME AV,Roosevelt Blvd / SR 0001,0002,0000,Academy Rd / SR 1013,50.0,1259.0,PHILADELPHIA,,,2.0,67,10160002000000501259,101600020050,5-year plan 2022-2026
2024,1016,HOLME AV,Roosevelt Blvd / SR 0001,0003,0000,Academy Rd / SR 1013,51.0,1350.0,PHILADELPHIA,,,1.99,67,10160003000000511350,101600030051,5-year plan 2022-2026
2024,1024,ROBBINS ST,Frankford Ave / SR 2007,0010,0000,Levick St / SR 1008,20.0,1773.0,PHILADELPHIA,,,0.94,67,10240010000000201773,102400100020,5-year plan 2022-2026
2024,2001,OREGON AV,S Broad St / SR 0291,0010,0000,Christopher Columbus Blvd,40.0,2348.0,PHILADELPHIA,,,1.78,67,20010010000000402348,200100100040,5-year plan 2022-2026
2024,2001,OREGON AV,S Broad St / SR 0291,0011,0000,Christopher Columbus Blvd,41.0,2358.0,PHILADELPHIA,,,1.8,67,20010011000000412358,200100110041,5-year plan 2022-2026
2024,2009,HARBISON AV,Kennedy St.,0100,0000,Roosevelt Blvd / SR 6001,120.0,3419.0,PHILADELPHIA,,,1.63,67,20090100000001203419,200901000120,5-year plan 2022-2026
2024,2009,HARBISON AV,Kennedy St.,0101,0000,Roosevelt Blvd / SR 6001,121.0,3417.0,PHILADELPHIA,,,1.62,67,20090101000001213417,200901010121,5-year plan 2022-2026
2024,2010,CECIL B MOORE A,Ridge Ave / SR 3009,0022,0000,N 10th St,40.0,1959.0,PHILADELPHIA,,,1.15,67,20100022000000401959,201000220040,5-year plan 2022-2026
2024,3018,HAVERFORD AV,City Ave / SR 0001,0010,0000,Lancaster Ave / SR 3005,90.0,1395.0,PHILADELPHIA,,,3.92,67,30180010000000901395,301800100090,5-year plan 2022-2026
2024,4001,HENRY AV,Walnut Ln / SR 4013,0070,0000,Ridge Ave / SR 3009,130.0,958.0,PHILADELPHIA,,,3.13,67,40010070000001300958,400100700130,5-year plan 2022-2026
2024,4001,HENRY AV,Walnut Ln / SR 4013,0071,0000,Ridge Ave / SR 3009,131.0,1276.0,PHILADELPHIA,,,3.18,67,40010071000001311276,400100710131,5-year plan 2022-2026
2024,4002,STENTON AV,Paper Mill Rd / SR 2032,0010,0000,Ivy Hill Rd,40.0,828.0,PHILADELPHIA,,,1.55,67,40020010000000400828,400200100040,5-year plan 2022-2026
2024,4002,STENTON AV,Paper Mill Rd / SR 2032,0011,0000,Ivy Hill Rd,41.0,824.0,PHILADELPHIA,,,1.55,67,40020011000000410824,400200110041,5-year plan 2022-2026
2024,4004,CHEW AV,Mt Airy Av / SR 4021,0010,0000,Wister St,30.0,3778.0,PHILADELPHIA,,,2.16,67,40040010000000303778,400400100030,5-year plan 2022-2026
2024,4009,ROBERTS AV,Henry Ave / SR 4001,0010,0000,Germantown Ave / SR 4005,40.0,918.0,PHILADELPHIA,,,1.52,67,40090010000000400918,400900100040,5-year plan 2022-2026
2025,0001,ROOSEVELT BL,N 9th St,0160,0000,Strahle St.,280.0,3543.0,PHILADELPHIA,,,6.57,67,00010160000002803543,000101600280,5-year plan 2022-2026
2025,0001,ROOSEVELT BL,N 9th St,0161,0000,Strahle St.,281.0,3522.0,PHILADELPHIA,,,6.52,67,00010161000002813522,000101610281,5-year plan 2022-2026
2025,0030,GIRARD AV,Lancaster Ave / SR 0030,0050,0000,N 34th St,70.0,1100.0,PHILADELPHIA,,,1.22,67,00300050000000701100,003000500070,5-year plan 2022-2026
2025,0030,GIRARD AV,Belmont Ave / SR 3005,0061,0000,N 34th St,71.0,1106.0,PHILADELPHIA,,,0.92,67,00300061000000711106,003000610071,5-year plan 2022-2026
2025,0076,SCHUYLKILL EX,Schuylkill River Bridge,3444,0000,NJ State Line,3470.0,1483.0,PHILADELPHIA,,,2.85,67,00763444000034701483,007634443470,5-year plan 2022-2026
2025,0076,SCHUYLKILL EX,Schuylkill River Bridge,3445,0000,NJ State Line,3471.0,1709.0,PHILADELPHIA,,,2.88,67,00763445000034711709,007634453471,5-year plan 2022-2026
2025,1002,CHELTENHAM AV,Bellmawr Ave,0035,0000,Tookany Creek Parkway,35.0,1674.0,PHILADELPHIA,,,0.32,67,10020035000000351674,100200350035,5-year plan 2022-2026
2022,0001,CITY AV,Haverford Ave / SR 3043,0010,0000,Schuylkill Expressway / SR 0076,80.0,1210.0,PHILADELPHIA,,,3.91,67,00010010000000801210,000100100080,5-year plan 2022-2026
2022,0001,CITY AV,Haverford Ave / SR 3043,0011,0000,Schuylkill Expressway / SR 0076,81.0,1152.0,PHILADELPHIA,,,3.9,67,00010011000000811152,000100110081,5-year plan 2022-2026
2022,0003,MARKET ST,Delaware County Line / Cobbs Creek,0010,0000,63rd St,10.0,235.0,PHILADELPHIA,,,0.04,67,00030010000000100235,000300100010,5-year plan 2022-2026
2022,0003,MARKET ST,Delaware County Line / Cobbs Creek,0011,0000,63rd St,11.0,252.0,PHILADELPHIA,,,0.05,67,00030011000000110252,000300110011,5-year plan 2022-2026
2022,0003,CHESTNUT ST,Cobbs Creek Pkwy / SR 3015,0030,0000,S 34rd St,80.0,1871.0,PHILADELPHIA,,,2.98,67,00030030000000801871,000300300080,5-year plan 2022-2026
2022,0030,LANCASTER AV,City Ave / SR 0001,0010,0000,W Girard Ave,40.0,3047.0,PHILADELPHIA,,,2.21,67,00300010000000403047,003000100040,5-year plan 2022-2026
2022,1007,TACONY ST,Torresdale Ave / SR 1004,0010,0000,Aramingo Ave / SR 2009,20.0,1580.0,PHILADELPHIA,,,0.85,67,10070010000000201580,100700100020,5-year plan 2022-2026
2025,3007,ARCH ST,Front St.,0010,0000,15th St / SR 3029,20.0,2881.0,PHILADELPHIA,,,1.25,67,30070010000000202881,300700100020,5-year plan 2022-2026
2025,3009,RIDGE AV,Spring Garden St / SR 2006,0020,0000,Northwestern Ave,200.0,2051.0,PHILADELPHIA,,,9.24,67,30090020000002002051,300900200200,5-year plan 2022-2026
2025,3009,RIDGE AV,Hunting Park Ave / SR 3033,0061,0000,Northwestern Ave,201.0,2050.0,PHILADELPHIA,,,1.15,67,30090061000002012050,300900610201,5-year plan 2022-2026
2026,3011,TWENTYNINTH ST,Girad Ave / SR 2008,0030,0000,Hunting Park Ave / SR 0013,60.0,3342.0,PHILADELPHIA,,,2.21,67,30110030000000603342,301100300060,5-year plan 2022-2026
2022,2014,LEHIGH AV,Ridge Ave / SR 3009,0010,0000,Richmond St / SR 2001,100.0,2152.0,PHILADELPHIA,,,4.48,67,20140010000001002152,201400100100,5-year plan 2022-2026
2022,2014,LEHIGH AV,Germantown Ave,0051,0000,Aramingo Ave / SR 2009,91.0,2437.0,PHILADELPHIA,,,1.94,67,20140051000000912437,201400510091,5-year plan 2022-2026
2022,2016,ALLEGHENY AV,Ridge Ave / SR 3009,0010,0000,Delaware Ave / SR 1005,110.0,3324.0,PHILADELPHIA,,,5.59,67,20160010000001103324,201600100110,5-year plan 2022-2026
2022,3003,TWENTYSIXTH ST,Penrose Ave / SR 0291,0010,0000,Bridge over Schuylkill River,40.0,3241.0,PHILADELPHIA,,,1.92,67,30030010000000403241,300300100040,5-year plan 2022-2026
2022,3003,TWENTYSIXTH ST,Penrose Ave / SR 0291,0011,0000,Bridge over Schuylkill River,41.0,3272.0,PHILADELPHIA,,,1.92,67,30030011000000413272,300300110041,5-year plan 2022-2026
2022,3010,MARKET ST,S 63rd St / SR 0003,0010,0000,Schuylkill Ave,80.0,1640.0,PHILADELPHIA,,,3.52,67,30100010000000801640,301000100080,5-year plan 2022-2026
2022,3010,MARKET ST,S 63rd St / SR 0003,0011,0000,Schuylkill Ave,81.0,1641.0,PHILADELPHIA,,,3.52,67,30100011000000811641,301000110081,5-year plan 2022-2026
2022,3010,MARKET ST,23rd St,0100,0000,15th St / SR 3029,110.0,2268.0,PHILADELPHIA,,,0.68,67,30100100000001102268,301001000110,5-year plan 2022-2026
2022,3010,MARKET ST,23rd St,0101,0000,20th St,101.0,1320.0,PHILADELPHIA,,,0.25,67,30100101000001011320,301001010101,5-year plan 2022-2026
2026,3014,SPRING GARDEN S,Lancaster Ave / SR 3005 / 39th St.,0010,0000,Art Museum Cr / SR 3007,40.0,1062.0,PHILADELPHIA,,,1.16,67,30140010000000401062,301400100040,5-year plan 2022-2026
2026,3014,SPRING GARDEN S,Lancaster Ave / SR 3005 / 39th St.,0041,0000,Art Museum Cr / SR 3007,41.0,780.0,PHILADELPHIA,,,0.15,67,30140041000000410780,301400410041,5-year plan 2022-2026
2026,3017,FIFTYSECOND ST,Cobbs Creek Pkwy / SR 3015,0010,0000,Parkside Ave.,60.0,1760.0,PHILADELPHIA,,,3.14,67,30170010000000601760,301700100060,5-year plan 2022-2026
2025,2676,VINE ST,20th St / Ben Franklin Pkwy / SR 3007,0004,0000,7th St.,14.0,1200.0,PHILADELPHIA,,,1.01,67,26760004000000141200,267600040014,5-year plan 2022-2026
2025,2676,VINE ST,20th St / Ben Franklin Pkwy / SR 3007,0005,0000,7th St.,15.0,1244.0,PHILADELPHIA,,,1.14,67,26760005000000151244,267600050015,5-year plan 2022-2026
2025,3002,EIGHTYFOURTH ST,Delaware Co. Line,0010,0000,Bartram Ave / SR 0291,20.0,3581.0,PHILADELPHIA,,,0.87,67,30020010000000203581,300200100020,5-year plan 2022-2026
2022,3029,FIFTEENTH ST,Penn Square / SR 3022,0011,0000,Vine St / SR2676,11.0,1726.0,PHILADELPHIA,,,0.33,67,30290011000000111726,302900110011,5-year plan 2022-2026
2023,0003,WALNUT ST,Cobbs Creek Pkwy / SR 3015,0031,0000,S 33rd St,81.0,2473.0,PHILADELPHIA,,,3.09,67,00030031000000812473,000300310081,5-year plan 2022-2026
2023,0291,BARTRAM AV,Delaware Co. Line,0006,0000,Island Ave / SR 3013,26.0,1766.0,PHILADELPHIA,,,1.83,67,02910006000000261766,029100060026,5-year plan 2022-2026
2023,0291,BARTRAM AV,Delaware Co. Line,0007,0000,Island Ave / SR 3013,27.0,1789.0,PHILADELPHIA,,,1.85,67,02910007000000271789,029100070027,5-year plan 2022-2026
2023,0291,PENROSE AV,Island Ave,0041,0000,Washington Ave,161.0,2272.0,PHILADELPHIA,,,5.35,67,02910041000001612272,029100410161,5-year plan 2022-2026
2023,1005,CASTOR AV,N Delaware Ave,0030,0000,Bustleton Ave / SR 1009,170.0,1988.0,PHILADELPHIA,,,6.79,67,10050030000001701988,100500300170,5-year plan 2022-2026
2023,1005,CASTOR AV,200' S Wyoming Ave,0083,0000,Bustleton Ave / SR 1009,171.0,2155.0,PHILADELPHIA,,,3.07,67,10050083000001712155,100500830171,5-year plan 2022-2026
2023,2007,FRANKFORD AV,Delaware Ave / SR 2001,0010,0000,Robbins St / SR 0013,150.0,2250.0,PHILADELPHIA,,,6.26,67,20070010000001502250,200700100150,5-year plan 2022-2026
2023,2007,FRANKFORD AV,Church St,0121,0000,Robbins St / SR 0013,151.0,2245.0,PHILADELPHIA,,,1.49,67,20070121000001512245,200701210151,5-year plan 2022-2026
2023,2009,ARAMINGO AV,Delaware Ave / SR 2001,0010,0000,Ditman St,90.0,2794.0,PHILADELPHIA,,,4.49,67,20090010000000902794,200900100090,5-year plan 2022-2026
2023,2009,ARAMINGO AV,Delaware Ave / SR 2001,0011,0000,Ditman St,91.0,2802.0,PHILADELPHIA,,,3.64,67,20090011000000912802,200900110091,5-year plan 2022-2026
2023,3013,ISLAND AV,Bartram Ave / SR 0291,0010,0000,Woodland Ave,40.0,2537.0,PHILADELPHIA,,,1.68,67,30130010000000402537,301300100040,5-year plan 2022-2026
2023,3013,ISLAND AV,Bartram Ave / SR 0291,0011,0000,Woodland Ave,41.0,2532.0,PHILADELPHIA,,,1.67,67,30130011000000412532,301300110041,5-year plan 2022-2026
2023,3019,BARTRAM AV,Island Ave / SR 0291,0010,0000,Bartman Ave / Essington Ave,10.0,2135.0,PHILADELPHIA,,,0.4,67,30190010000000102135,301900100010,5-year plan 2022-2026
2023,3019,BARTRAM AV,Island Ave / SR 0291,0011,0000,Bartman Ave / Essington Ave,11.0,2200.0,PHILADELPHIA,,,0.42,67,30190011000000112200,301900110011,5-year plan 2022-2026
2025,3002,EIGHTYFOURTH ST,Delaware Co. Line,0011,0000,Bartram Ave / SR 0291,21.0,3589.0,PHILADELPHIA,,,0.88,67,30020011000000213589,300200110021,5-year plan 2022-2026
2025,3005,THIRTYTHIRD ST,Convention Ave,0030,0000,34th St.,60.0,300.0,PHILADELPHIA,,,0.59,67,30050030000000600300,300500300060,5-year plan 2022-2026
2025,3005,THIRTYFOURTH ST,Convention Ave,0061,0000,34th St.,61.0,524.0,PHILADELPHIA,,,0.1,67,30050061000000610524,300500610061,5-year plan 2022-2026
2025,3006,WALNUT ST,Walnut St / SR 0003,0011,0000,Front St.,21.0,2806.0,PHILADELPHIA,,,1.16,67,30060011000000212806,300600110021,5-year plan 2022-2026
2023,0291,PENROSE AV,Island Ave,0040,0000,Washington Ave,160.0,2269.0,PHILADELPHIA,,,5.34,67,02910040000001602269,029100400160,5-year plan 2022-2026
2025,3041,THIRTYTHIRD ST,N 33rd St / SR 0013,0010,0000,Girard Ave / SR 2008,10.0,519.0,PHILADELPHIA,,,0.1,67,30410010000000100519,304100100010,5-year plan 2022-2026
2026,0003,CHESTNUT ST,22nd St.,0100,0000,Broad St / SR 0291,110.0,901.0,PHILADELPHIA,,,0.7,67,00030100000001100901,000301000110,5-year plan 2022-2026
2026,0003,WALNUT ST,N. 33rd St,0090,0000,Broad St / SR 0291,111.0,925.0,PHILADELPHIA,,,1.39,67,00030090000001110925,000300900111,5-year plan 2022-2026
2026,0073,NEW STATE RD,Cottman Ave / SR 1012 / Satte Rd / SR 1007,0090,0000,Levick St. / SR 1008,110.0,3956.0,PHILADELPHIA,,,1.09,67,00730090000001103956,007300900110,5-year plan 2022-2026
2026,0073,NEW STATE RD,Cottman Ave / SR 1012 / Satte Rd / SR 1007,0111,0000,Levick St / SR 1008,111.0,3967.0,PHILADELPHIA,,,0.75,67,00730111000001113967,007301110111,5-year plan 2022-2026
2026,1001,RISING SUN AV,Roosevelt Blvd / SR 6001,0010,0000,Oxford Ave / SR 0232,60.0,3368.0,PHILADELPHIA,,,3.27,67,10010010000000603368,100100100060,5-year plan 2022-2026
2026,1003,WHITAKER AV,Allegheny Ave / SR 2016,0010,0000,Roosevelt Blvd / SR 6001,50.0,2078.0,PHILADELPHIA,,,2.46,67,10030010000000502078,100300100050,5-year plan 2022-2026
2026,1003,WHITAKER AV,Allegheny Ave / SR 2016,0021,0000,Roosevelt Blvd / SR 6001,51.0,1869.0,PHILADELPHIA,,,1.78,67,10030021000000511869,100300210051,5-year plan 2022-2026
2026,1004,ERIE AV,Hunting Park Ave / SR 0013,0010,0000,Kensington Ave.,70.0,2499.0,PHILADELPHIA,,,3.66,67,10040010000000702499,100400100070,5-year plan 2022-2026
2026,1014,RHAWN ST,Oxford Ave / SR 0232,0010,0000,State Rd / SR 1007,90.0,1763.0,PHILADELPHIA,,,4.8,67,10140010000000901763,101400100090,5-year plan 2022-2026
2026,2001,RICHMOND ST,Schirra Dr.,0140,0000,Bridge St / SR 1009,210.0,1734.0,PHILADELPHIA,,,3.71,67,20010140000002101734,200101400210,5-year plan 2022-2026
2026,2001,RICHMOND ST,Schirra Dr.,0141,0000,Bridge St / SR 1009,141.0,1350.0,PHILADELPHIA,,,0.26,67,20010141000001411350,200101410141,5-year plan 2022-2026
2024,0001,ROOSEVELT BL,Strahle St.,0290,0000,Bucks County Line,380.0,3030.0,PHILADELPHIA,,,5.24,67,00010290000003803030,000102900380,5-year plan 2022-2026
2026,3017,FIFTYSECOND ST,Cobbs Creek Pkwy / SR 3015,0061,0000,Parkside Ave.,61.0,1752.0,PHILADELPHIA,,,0.33,67,30170061000000611752,301700610061,5-year plan 2022-2026
2026,3025,LINDBERGH BL,63rd St / SR 3004,0010,0000,Elmwood Ave,20.0,2503.0,PHILADELPHIA,,,0.84,67,30250010000000202503,302500100020,5-year plan 2022-2026
2026,3031,MARSHALL RD,Delaware Co. Line,0010,0000,Cobbs Creek Pkwy / SR 3015,10.0,374.0,PHILADELPHIA,,,0.07,67,30310010000000100374,303100100010,5-year plan 2022-2026
2026,3031,MARSHALL RD,Delaware Co. Line,0011,0000,Cobbs Creek Pkwy / SR 3015,11.0,397.0,PHILADELPHIA,,,0.08,67,30310011000000110397,303100110011,5-year plan 2022-2026
2026,4003,WISSAHICKON AV,Hunting Park Ave / SR 0013,0010,0000,Allens Ln,70.0,2314.0,PHILADELPHIA,,,3.36,67,40030010000000702314,400300100070,5-year plan 2022-2026
2026,4003,WISSAHICKON AV,Hunting Park Ave / SR 0013,0011,0000,Allens Ln,11.0,3217.0,PHILADELPHIA,,,0.61,67,40030011000000113217,400300110011,5-year plan 2022-2026
2026,4007,GERMANTOWN AV,Wayne Ave / SR 4015,0050,0000,Germantown Ave,110.0,2625.0,PHILADELPHIA,,,3.38,67,40070050000001102625,400700500110,5-year plan 2022-2026
2026,4013,WALNUT LN,Ridge Ave / SR 3009,0010,0000,Lincoln Dr.,40.0,2462.0,PHILADELPHIA,,,1.3,67,40130010000000402462,401300100040,5-year plan 2022-2026
2026,4013,WALNUT LN,Ridge Ave / SR 3009,0033,0000,Lincoln Dr.,33.0,201.0,PHILADELPHIA,,,0.04,67,40130033000000330201,401300330033,5-year plan 2022-2026
2026,4015,WALNUT LN,Johnson St.,0010,0000,Lincoln Dr / SR 4013,40.0,1496.0,PHILADELPHIA,,,1.06,67,40150010000000401496,401500100040,5-year plan 2022-2026
2026,4017,UPSAL ST,Germantown Ave / SR 4007,0040,0000,79th Ave,70.0,2271.0,PHILADELPHIA,,,2.04,67,40170040000000702271,401700400070,5-year plan 2022-2026
2026,4017,UPSAL ST,79th Ave,0081,0000,Ogontz Ave / SR 0309,81.0,1058.0,PHILADELPHIA,,,0.2,67,40170081000000811058,401700810081,5-year plan 2022-2026
2025,2008,GIRARD AV,33rd St / SR 0013,0002,0000,Richmond St / SR 2001,70.0,1573.0,PHILADELPHIA,,,3.95,67,20080002000000701573,200800020070,5-year plan 2022-2026
2025,2008,GIRARD AV,Broad St / SR 0611,0031,0000,Susquehanna Ave,61.0,2151.0,PHILADELPHIA,,,1.91,67,20080031000000612151,200800310061,5-year plan 2022-2026
