gisid,Calendar year,State Route,Loc Road Name RMS,Intersection From,Segment From,Offset From,Intersection To,Segment To,Offset to,Municipality Name1,Municipality Name2,Municipality Name3,Leg Dist 1,Leg Dist 2,Leg Dist 3,Senatorial Dist1,Senatorial Dist2,Cong District,Miles Planned,County,longcode,shortcode,cty_code,source
2617,2025,"""1014""",RHAWN ST,Oxford Ave / SR 0232,"""0010""","""0000""",State Rd / SR 1007,"""0090""","""1763""",PHILADELPHIA,,,177,174,173,2,,2,4.8,Philadelphia,10140010000000901763,101400100090,"""67""",5-year plan 2024-2028
192,2028,"""3065""",COPELAND SCHOOL,Conner Rd / SR 3063,"""0010""","""0000""",Copeland School Rd / SR 3067,"""0010""","""3850""",EAST BRADFORD,,,158,,,19,,06,0.73,Chester,30650010000000103850,306500100010,"""15""",5-year plan 2024-2028
2451,2024,"""4202""",BUTLER AV,County Line Rd/SR 2038,"""0010""","""0000""",500Ft North of New Britain Rd,"""0110""","""3407""",NEW BRITAIN,CHALFONT,NEW BRITAIN,144,,,10,,01,4.8,Bucks,42020010000001103407,420200100110,"""09""",5-year plan 2024-2028
2452,2024,"""4202""",BUTLER AV,600Ft North of Village Sq ,"""0015""","""0000""",200 Ft South of Schoolhouse Rd,"""0015""","""0461""",NEW BRITAIN,,,144,,,10,,01,0.09,Bucks,42020015000000150461,420200150015,"""09""",5-year plan 2024-2028
2473,2027,"""2025""",BRISTOL RD,800Ft Northwest of Klein Ct,"""0052""","""0000""",Jacksonville Rd /SR 0332,"""0144""","""1460""",IVYLAND,WARWICK,WARRINGTON,178,144,143,10,12,01,6.5,Bucks,20250052000001441460,202500520144,"""09""",5-year plan 2024-2028
2455,2026,"""2065""",BUSTLETON PK,Bristol Rd / SR 2025,"""0010""","""0000""",Second Street Pk / SR 0232,"""0050""","""2447""",NORTHAMPTON,,,178,,,06,,01,2.16,Bucks,20650010000000502447,206500100050,"""09""",5-year plan 2024-2028
363,2024,"""6291""",GOVERNOR PRINTZ,SR 0291,"""0010""","""0000""",2465Ft East of SR 0291,"""0010""","""2465""",TINICUM,,,162,,,26,,01,0.47,Delaware,62910010000000102465,629100100010,"""23""",5-year plan 2024-2028
364,2024,"""6291""",GOVERNOR PRINTZ,SR 0291,"""0011""","""0000""",2441Ft East of SR 0291,"""0011""","""2441""",TINICUM,,,162,,,26,,01,0.46,Delaware,62910011000000112441,629100110011,"""23""",5-year plan 2024-2028
2160,2027,"""0309""",BETHLEHEM PK,Hilltown Pk / SR 4011,"""0010""","""0000""",Church Rd / SR 4008,"""0030""","""2561""",HILLTOWN,,,144,,,10,,08,1.46,Bucks,03090010000000302561,030900100030,"""09""",5-year plan 2024-2028
2121,2024,"""1016""",LAWRENCE RD,West Chester Pk / SR 0003,"""0010""","""0000""",N Eagle Rd / SR 1005,"""0020""","""2951""",HAVERFORD,,,166,163,,17,,07,1.1,Delaware,10160010000000202951,101600100020,"""23""",5-year plan 2024-2028
2161,2027,"""0309""",BETHLEHEM PK,Hilltown Pk / SR 4011,"""0011""","""0000""",Church Rd / SR 4008,"""0031""","""2541""",HILLTOWN,,,053,,,12,,08,1.46,Bucks,03090011000000312541,030900110031,"""09""",5-year plan 2024-2028
2127,2024,"""2027""",THOMSON AV,Baltimore Pk / SR 2016,"""0010""","""0000""",Sproul Rd / SR 0320,"""0030""","""1004""",SPRINGFIELD,,,165,,,26,,07,0.8,Delaware,20270010000000301004,202700100030,"""23""",5-year plan 2024-2028
2128,2024,"""2041""",VICTORY AV,Market St / SR 0003,"""0010""","""0000""",750Ft North of Keystone Ave,"""0010""","""1531""",UPPER DARBY,,,164,,,26,,01,0.29,Delaware,20410010000000101531,204100100010,"""23""",5-year plan 2024-2028
2057,2026,"""2013""",PHILMONT AV,Red Lion Rd,"""0022""","""0000""",Byberry Rd,"""0052""","""3788""",LOWER MORELAND,,,152,,,12,,13,1.82,Montgomery,20130022000000523788,201300220052,"""46""",5-year plan 2024-2028
2058,2027,"""2021""",JENKINTOWN RD,Township Line Rd,"""0010""","""0000""",Fitzwatertown Rd,"""0110""","""3219""",JENKINTOWN,UPPER DUBLIN,ABINGTON,154,153,,04,,13,4.4,Montgomery,20210010000001103219,202100100110,"""46""",5-year plan 2024-2028
2060,2025,"""2025""",MONTGOMERY AV,Mellon Rd,"""0010""","""0000""",Rowland Ave,"""0070""","""2255""",CHELTENHAM,,,154,,,04,,13,3.49,Montgomery,20250010000000702255,202500100070,"""46""",5-year plan 2024-2028
2061,2025,"""2202""",DOYLESTOWN RD,Bethlehem Pk,"""0070""","""0000""",County Line Rd,"""0100""","""1334""",MONTGOMERY,,,151,,,12,,13,1.52,Montgomery,22020070000001001334,220200700100,"""46""",5-year plan 2024-2028
2066,2028,"""3063""",TRINITY LN,Holestein Rd,"""0010""","""0000""",Swedeland Rd,"""0010""","""1481""",UPPER MERION,,,149,,,17,,13,0.28,Montgomery,30630010000000101481,306300100010,"""46""",5-year plan 2024-2028
2067,2028,"""4003""",BLACK ROCK RD,Egypt Rd,"""0010""","""0000""",Black Rock Rd,"""0070""","""3646""",UPPER PROVIDENCE,,,157,,,44,,06,3.62,Montgomery,40030010000000703646,400300100070,"""46""",5-year plan 2024-2028
2068,2026,"""4004""",OLD RAILROAD,500 W Gertrude Ave,"""0010""","""0000""",Ridge Pk,"""0080""","""1243""",LOWER PROVIDENCE,,,157,150,,44,,07,4.92,Montgomery,40040010000000801243,400400100080,"""46""",5-year plan 2024-2028
2071,2027,"""4042""",GROSSTOWN RD,W High St,"""0010""","""0000""",Manatawny St,"""0034""","""1533""",WEST POTTSGROVE,,,147,,,24,,06,1.78,Montgomery,40420010000000341533,404200100034,"""46""",5-year plan 2024-2028
2077,2024,"""1014""",GEIGEL HILL RD,100Ft north of Sweetbriar Rd,"""0070""","""0000""",Swamp Creek Rd,"""0170""","""1920""",TINICUM,BEDMINSTER,,143,,,10,,08,6.23,Bucks,10140070000001701920,101400700170,"""09""",5-year plan 2024-2028
2078,2026,"""2043""",BROWNSVILLE RD,Street Rd / SR 0132,"""0024""","""0000""",E Bristol Rd / SR 2025,"""0040""","""3579""",BENSALEM,BENSALEM,,142,018,,06,,08,1.49,Bucks,20430024000000403579,204300240040,"""09""",5-year plan 2024-2028
2080,2024,"""3023""",FLINT HILL RD,Swedeland Rd,"""0010""","""0000""",Flinthill Rd,"""0030""","""3659""",UPPER MERION,,,149,,,17,,13,1.81,Montgomery,30230010000000303659,302300100030,"""46""",5-year plan 2024-2028
2086,2024,"""3061""",BALA AV,Lincoln Hwy,"""0010""","""0000""",Colwyn Ln,"""0010""","""2552""",LOWER MERION,,,194,,,17,,06,0.48,Montgomery,30610010000000102552,306100100010,"""46""",5-year plan 2024-2028
2112,2025,"""3008""",TOWNSHIP LINE R,Market St / SR 0452,"""0010""","""0000""",Bethel Rd / SR 3010,"""0040""","""0669""",TRAINER,CHESTER CITY,UPPER CHICHESTER,159,,,09,,07,1.53,Delaware,30080010000000400669,300800100040,"""23""",5-year plan 2024-2028
2113,2026,"""0113""",KIMBERTON RD,Conestoga Rd / SR 0401,"""0130""","""0000""",Nutt Rd / SR 0023,"""0270""","""1250""",PHOENIXVILLE,WEST PIKELAND,EAST PIKELAND,167,157,155,19,,06,6.89,Chester,01130130000002701250,011301300270,"""15""",5-year plan 2024-2028
2145,2027,"""2006""",NEW FALLS RD,750Ft South of Red Cedar Rd,"""0070""","""0000""",Tyburn Rd / SR 2020,"""0120""","""2795""",FALLS,BRISTOL,,141,140,,06,,08,2.65,Bucks,20060070000001202795,200600700120,"""09""",5-year plan 2024-2028
2147,2025,"""2008""",HIGHLAND AV,Old Lincoln Highway/SR 2045,"""0010""","""0000""",Bellevue Ave/SR 0413+94,"""0040""","""3639""",LANGHORNE MANOR,MIDDLETOWN,,142,141,,06,,08,1.88,Bucks,20080010000000403639,200800100040,"""09""",5-year plan 2024-2028
2148,2026,"""2011""",CEDAR AV,State Rd / SR 2002,"""0010""","""0000""",SR 2003,"""0010""","""2986""",BRISTOL,,,141,,,06,,08,0.57,Bucks,20110010000000102986,201100100010,"""09""",5-year plan 2024-2028
2101,2027,"""2020""",BOOT RD,1147Ft West of Clover Mill Rd,"""0060""","""0000""",N Chester Rd / SR0352,"""0170""","""2577""",WEST WHITELAND,WEST GOSHEN,EAST GOSHEN,167,158,156,19,,06,6.98,Chester,20200060000001702577,202000600170,"""15""",5-year plan 2024-2028
2109,2028,"""1002""",MANOA RD,S Eagle Rd / SR 1005,"""0010""","""0000""",Darby Rd / SR 2005,"""0060""","""2072""",HAVERFORD,,,166,,,17,,07,2.42,Delaware,10020010000000602072,100200100060,"""23""",5-year plan 2024-2028
2111,2025,"""2007""",BURMONT RD,Baltimore Ave / SR 2016,"""0010""","""0000""",Burmont Rd / SR 1006,"""0080""","""0625""",LANSDOWNE,UPPER DARBY,HAVERFORD,164,163,,08,,01,3.28,Delaware,20070010000000800625,200700100080,"""23""",5-year plan 2024-2028
2139,2026,"""2043""",BROWNSVILLE RD,E Bristol Rd / SR 2025,"""0050""","""0000""",Old Lincoln Hw / SR 2045,"""0080""","""2370""",MIDDLETOWN,LOWER SOUTHAMPTON,,142,,,06,,08,2.38,Bucks,20430050000000802370,204300500080,"""09""",5-year plan 2024-2028
2141,2024,"""2071""",PINE GROVE RD,200Ft before Ramp SR8071,"""0010""","""0000""",Delavue Rd,"""0070""","""2014""",LOWER MAKEFIELD,FALLS,,140,031,,10,,08,2.69,Bucks,20710010000000702014,207100100070,"""09""",5-year plan 2024-2028
2143,2025,"""0513""",HULMEVILLE RD,Bristol Pk/SR 0013,"""0010""","""0000""",Galloway Rd/SR 2023,"""0060""","""2171""",BENSALEM,,,018,,,06,,08,2.74,Bucks,05130010000000602171,051300100060,"""09""",5-year plan 2024-2028
2198,2027,"""1001""",ALLENTOWN RD,Harleysville Pk,"""0170""","""0000""",N County Line Rd,"""0230""","""3101""",SALFORD,FRANCONIA,,053,,,12,,08,3.92,Montgomery,10010170000002303101,100101700230,"""46""",5-year plan 2024-2028
2156,2027,"""0113""",MAIN ST,Ervin Rd,"""0070""","""0000""",Municipal Rd,"""0090""","""1650""",SILVERDALE,HILLTOWN,,144,,,10,,08,1.23,Bucks,01130070000000901650,011300700090,"""09""",5-year plan 2024-2028
2186,2027,"""1001""",HAVERFORD RD,Manoa Rd / SR 1002,"""0010""","""0000""",60Ft North of  Arthur Rd,"""0080""","""1865""",LOWER MERION,HAVERFORD,,166,,,17,,07,4.11,Delaware,10010010000000801865,100100100080,"""23""",5-year plan 2024-2028
2187,2027,"""1001""",HAVERFORD RD,Wynnewood Rd / SR 1005,"""0031""","""0000""",60Ft North of Arthur Rd,"""0081""","""1880""",RADNOR,HAVERFORD,,166,,,17,,07,1.92,Delaware,10010031000000811880,100100310081,"""23""",5-year plan 2024-2028
2188,2024,"""1014""",HAVERFORD RD,Karakung Dr / SR 1001,"""0010""","""0000""",County Line Rd,"""0010""","""2008""",HAVERFORD,,,166,,,17,,07,0.38,Delaware,10140010000000102008,101400100010,"""23""",5-year plan 2024-2028
2189,2024,"""1030""",MEDIA LINE RD,Newtown Street Rd / SR 0252,"""0010""","""0000""",West Chester Pk / SR 0003,"""0040""","""0804""",MARPLE TOWNSHIP,,,168,,,26,,07,1.59,Delaware,10300010000000400804,103000100040,"""23""",5-year plan 2024-2028
2190,2025,"""2024""",MARSHALL RD,Burmont Rd / SR 2007,"""0010""","""0000""",400Ft Northeast of Church Ln,"""0060""","""3098""",LANSDOWNE,UPPER DARBY,,164,163,,26,,07,1.91,Delaware,20240010000000603098,202400100060,"""23""",5-year plan 2024-2028
2151,2025,"""2107""",FALLSINGTON TUL,Low Lane ,"""0010""","""0000""",New Falls Rd / SR 2006,"""0040""","""2048""",TULLYTOWN,FALLS,,140,,,10,,08,2.48,Bucks,21070010000000402048,210700100040,"""09""",5-year plan 2024-2028
2169,2026,"""2002""",SECOND ST,Industrial Highway / SR 0291,"""0010""","""0000""",Fourth Ave / SR 2029,"""0040""","""2604""",TINICUM,,,162,,,26,,01,1.53,Delaware,20020010000000402604,200200100040,"""23""",5-year plan 2024-2028
2171,2024,"""3034""",BODLEY RD,Valleybrook Rd / SR 3029,"""0010""","""0000""",Birney HW / SR 3023,"""0010""","""3385""",ASTON,,,168,,,09,,07,0.64,Delaware,30340010000000103385,303400100010,"""23""",5-year plan 2024-2028
2172,2024,"""2011""",CALCON HOOK RD,Hook Rd / SR 2015,"""0010""","""0000""",Chester Pike / SR 0013,"""0020""","""2718""",SHARON HILL BOROU,DARBY,,185,,,08,,01,0.91,Delaware,20110010000000202718,201100100020,"""23""",5-year plan 2024-2028
2131,2024,"""3006""",RIDGE RD,420Ft South of National Ave,"""0010""","""0000""",Baker St,"""0040""","""2025""",TRAINER,LOWER CHICHESTER,LOWER CHICHESTER,159,,,09,,07,1.61,Delaware,30060010000000402025,300600100040,"""23""",5-year plan 2024-2028
2177,2027,"""2033""",STEWART AV,Industrial Highway / SR 0291,"""0010""","""0000""",Chester Pk / SR 0013,"""0020""","""2049""",RIDLEY PARK,RIDLEY,,162,,,26,,01,0.77,Delaware,20330010000000202049,203300100020,"""23""",5-year plan 2024-2028
2178,2027,"""2033""",STEWART AV,Industrial Highway / SR 0291,"""0011""","""0000""",Chester Pk / SR 0013,"""0021""","""2062""",RIDLEY PARK,RIDLEY,,162,,,26,,01,0.76,Delaware,20330011000000212062,203300110021,"""23""",5-year plan 2024-2028
2132,2024,"""3006""",RIDGE RD,National Ave,"""0015""","""0000""",Baker St,"""0041""","""2025""",LOWER CHICHESTER,CHESTER CITY,LOWER CHICHESTER,159,,,09,,07,1.55,Delaware,30060015000000412025,300600150041,"""23""",5-year plan 2024-2028
2191,2025,"""2024""",MARSHALL RD,Windermere Ave,"""0031""","""0000""",400Ft Northeast of Church Ln,"""0061""","""3111""",LANSDOWNE,UPPER DARBY,,164,,,08,,01,1.97,Delaware,20240031000000613111,202400310061,"""23""",5-year plan 2024-2028
2192,2028,"""0013""",CHESTER PK,Ninth St / SR 6013,"""0130""","""0000""",Stuart Ave,"""0210""","""2968""",RIDLEY PARK,PROSPECT PARK,NORWOOD,162,159,,09,,01,4.84,Delaware,00130130000002102968,001301300210,"""23""",5-year plan 2024-2028
2193,2028,"""0013""",CHESTER PK,Sun Dr,"""0141""","""0000""",Stuart Ave,"""0211""","""2987""",RIDLEY PARK,PROSPECT PARK,NORWOOD,162,159,,09,,01,4.24,Delaware,00130141000002112987,001301410211,"""23""",5-year plan 2024-2028
2195,2028,"""2048""",STATE ST,Lincoln Ave,"""0020""","""0000""",317Ft West on Jefferson St,"""0030""","""1017""",NEWTOWN,,,031,,,10,,08,0.91,Bucks,20480020000000301017,204800200030,"""09""",5-year plan 2024-2028
2199,2024,"""3011""",BARREN HILL RD,Ridge Pk,"""0010""","""0000""",Hector St,"""0040""","""2547""",WHITEMARSH,,,148,,,07,,13,1.74,Montgomery,30110010000000402547,301100100040,"""46""",5-year plan 2024-2028
2200,2026,"""3029""",HENDERSON RD,S Gulph Rd,"""0010""","""0000""",Prince Frederick St,"""0024""","""2941""",UPPER MERION,,,149,,,17,,13,1.64,Montgomery,30290010000000242941,302900100024,"""46""",5-year plan 2024-2028
2202,2026,"""3029""",HENDERSON RD,Saulin Blvd,"""0025""","""0000""",Prince Frederick St,"""0025""","""2941""",UPPER MERION,,,149,,,17,,13,0.56,Montgomery,30290025000000252941,302900250025,"""46""",5-year plan 2024-2028
2203,2028,"""3052""",ROCKHILL RD,Conshohocken State Rd,"""0010""","""0000""",Belmont Ave,"""0010""","""3195""",LOWER MERION,,,194,,,17,,02,0.61,Montgomery,30520010000000103195,305200100010,"""46""",5-year plan 2024-2028
2209,2024,"""4003""",WAGONTOWN RD,Manor Rd,"""0010""","""0000""",Rock Run Rd,"""0020""","""1870""",VALLEY,,,074,,,19,,16,0.98,Chester,40030010000000201870,400300100020,"""15""",5-year plan 2024-2028
2210,2024,"""4005""",CALN RD,Fisherville Rd / SR 4022,"""0160""","""0000""",Lincoln Highway / SR 3070,"""0170""","""3776""",CALN,,,074,,,44,,16,1.35,Chester,40050160000001703776,400501600170,"""15""",5-year plan 2024-2028
2214,2024,"""0796""",DALEVILLE JENNE,Newark Rd / SR 0896,"""0010""","""0000""",Gap Newport Pk / SR 0041,"""0110""","""3137""",PENN,NEW LONDON,LONDONDERRY,013,,,19,,16,5.79,Chester,07960010000001103137,079600100110,"""15""",5-year plan 2024-2028
2215,2028,"""1030""",BIRCH RUN RD,Pottstown Pike / SR 0100,"""0010""","""0000""",100Ft Northwest of Hollow Rd,"""0070""","""3337""",WEST VINCENT,,,155,,,44,,06,3.98,Chester,10300010000000703337,103000100070,"""15""",5-year plan 2024-2028
2250,2024,"""0413""",NEWTOWN LANGHOR,South of Flower Ave 750ft,"""0220""","""0000""",State Park Rd/SR 2036,"""0310""","""2743""",LANGHORNE,NEWTOWN,MIDDLETOWN,142,031,,06,,01,3.79,Bucks,04130220000003102743,041302200310,"""09""",5-year plan 2024-2028
2251,2024,"""0413""",NEWTOWN BP,South of Main Drive 250ft,"""0271""","""0000""",State Park Rd/SR 2036,"""0311""","""2694""",NEWTOWN,,,142,031,,06,,01,0.68,Bucks,04130271000003112694,041302710311,"""09""",5-year plan 2024-2028
2253,2024,"""2022""",WOOLSTON DR,SR 2069,"""0010""","""0000""",SR9407,"""0030""","""2809""",FALLS,,,140,,,10,,01,1.09,Bucks,20220010000000302809,202200100030,"""09""",5-year plan 2024-2028
2306,2025,"""2107""",FALLSINGTON TUL,Low Lane ,"""0005""","""0000""",Bristol Pk / SR 0013,"""0005""","""0206""",TULLYTOWN,,,140,,,10,,08,0.04,Bucks,21070005000000050206,210700050005,"""09""",5-year plan 2024-2028
2283,2026,"""4026""",EVERGREEN RD,Lightcap Rd,"""0020""","""0000""",Ridge Pike,"""0030""","""0616""",LIMERICK,,,146,,,44,,06,0.47,Montgomery,40260020000000300616,402600200030,"""46""",5-year plan 2024-2028
2284,2026,"""4026""",EVERGREEN RD,Lightcap Rd,"""0021""","""0000""",Rupert Rd,"""0025""","""0761""",LIMERICK,,,146,,,44,,06,0.36,Montgomery,40260021000000250761,402600210025,"""46""",5-year plan 2024-2028
2322,2027,"""0003""",WEST CHESTER PK,825Ft West of Sandy Flash Dr,"""0010""","""0000""",Ellis Ave,"""0050""","""1715""",NEWTOWN,EDGMONT,,168,,,09,,05,2.92,Delaware,00030010000000501715,000300100050,"""23""",5-year plan 2024-2028
2232,2024,"""1044""",SUGARTOWN RD,Valley Forge Rd,"""0010""","""0000""",68Ft Northwest of Lancaster Ave / SR 0030,"""0040""","""0068""",RADNOR,,,165,161,157,17,17,07,0.63,Delaware,10440010000000400068,104400100040,"""23""",5-year plan 2024-2028
2393,2026,"""1013""",SPRINGFIELD RD,Sproul Rd / SR 0320,"""0010""","""0000""",Springfield Rd / SR 0003,"""0020""","""1115""",MARPLE TOWNSHIP,,,168,165,,26,,07,0.8,Delaware,10130010000000201115,101300100020,"""23""",5-year plan 2024-2028
2247,2024,"""3003""",STENTON AV,750 S of Joshua Rd,"""0060""","""0000""",Skippack Pk,"""0130""","""3765""",WHITPAIN,WHITEMARSH,,148,061,,07,,07,4.02,Montgomery,30030060000001303765,300300600130,"""46""",5-year plan 2024-2028
2270,2025,"""0073""",BIG RD,Big Rd,"""0183""","""0000""",Gravel Pk,"""0183""","""0107""",LOWER FREDERICK,,,147,,,24,,08,0.02,Montgomery,00730183000001830107,007301830183,"""46""",5-year plan 2024-2028
2394,2026,"""1013""",SPRINGFIELD RD,Sproul Rd / SR 0320,"""0011""","""0000""",Springfield Rd / SR 0003,"""0021""","""1170""",MARPLE TOWNSHIP,,,168,165,,26,,07,0.82,Delaware,10130011000000211170,101300110021,"""23""",5-year plan 2024-2028
2389,2024,"""4029""",CREEK RD,Creek Rd / SR 4031,"""0010""","""0000""",N Manor Rd / SR 0082,"""0030""","""2999""",WEST NANTMEAL,,,026,,,44,,07,1.77,Chester,40290010000000302999,402900100030,"""15""",5-year plan 2024-2028
2391,2025,"""4009""",HIBERNIA RD,Wagontown Rd / SR 4005,"""0010""","""0000""",Horseshoe Pk / SR 0322,"""0070""","""1740""",WEST BRANDYWINE,,,155,,,44,,06,3.83,Chester,40090010000000701740,400900100070,"""15""",5-year plan 2024-2028
2344,2027,"""3001""",STUMP HALL RD,Valley Forge Rd,"""0140""","""0000""",W Skippack Pk,"""0190""","""3567""",WORCESTER,SKIPPACK,,150,070,,44,,04,3.34,Montgomery,30010140000001903567,300101400190,"""46""",5-year plan 2024-2028
2299,2026,"""0926""",STREET RD,Wollaston Rd,"""0230""","""0000""",Creek Rd / SR 3100,"""0330""","""3300""",POCOPSON,PENNSBURY,EAST MARLBOROUGH,160,158,156,09,,06,6.18,Chester,09260230000003303300,092602300330,"""15""",5-year plan 2024-2028
2302,2027,"""4016""",GLEN MILLS RD,Westown Rd / SR 4023,"""0050""","""0000""",Cheyney Rd / SR 4015,"""0064""","""2869""",THORNBURY,,,168,160,,09,,07,1.46,Delaware,40160050000000642869,401600500064,"""23""",5-year plan 2024-2028
2287,2028,"""1006""",OLD FORTY FOOT,W Skippack Pk,"""0010""","""0000""",Sumneytown Pk,"""0050""","""3167""",TOWAMENCIN,SKIPPACK,LOWER SALFORD,150,147,070,24,,07,3.07,Montgomery,10060010000000503167,100600100050,"""46""",5-year plan 2024-2028
2290,2028,"""2009""",BYBERRY RD,Reading Wy,"""0080""","""0000""",York Rd,"""0120""","""1075""",HATBORO,BRYN ATHYN,UPPER MORELAND,152,,,12,,13,2.26,Montgomery,20090080000001201075,200900800120,"""46""",5-year plan 2024-2028
2291,2024,"""0232""",SECOND STREET P,Bustleton Pk/SR 2065,"""0094""","""0000""",Swamp Rd/SR 2036,"""0150""","""1676""",WRIGHTSTOWN,NORTHAMPTON,,178,,,06,,08,3.09,Bucks,02320094000001501676,023200940150,"""09""",5-year plan 2024-2028
2293,2024,"""0332""",ALMSHOUSE RD,Spencer Rd,"""0090""","""0000""",Fir Dr,"""0150""","""2081""",NORTHAMPTON,,,178,,,06,,08,3.58,Bucks,03320090000001502081,033200900150,"""09""",5-year plan 2024-2028
2296,2025,"""1037""",HANOVER ST,Pottstown Pk / SR 0100,"""0010""","""0000""",E Schuylkill Rd / SR 0724,"""0040""","""1997""",NORTH COVENTRY,,,026,,,44,,06,1.61,Chester,10370010000000401997,103700100040,"""15""",5-year plan 2024-2028
2297,2027,"""2073""",PENNSYLVANIA AV,SR 8008,"""0010""","""0000""",Pine Grove Rd / SR 2071,"""0100""","""0696""",MORRISVILLE,LOWER MAKEFIELD,FALLS,140,031,,10,,01,3.94,Bucks,20730010000001000696,207300100100,"""09""",5-year plan 2024-2028
2316,2024,"""3035""",HIGHLAND AV,Fifteenth St,"""0010""","""0000""",Bethel Rd / SR 3010,"""0010""","""1511""",CHESTER CITY,,,159,,,09,,01,0.29,Delaware,30350010000000101511,303500100010,"""23""",5-year plan 2024-2028
2474,2028,"""1010""",STUMP RD,Swamp Rd / SR0313,"""0010""","""0000""",Cabin Run Rd,"""0040""","""3845""",PLUMSTEAD,,,143,,,10,,01,2.49,Bucks,10100010000000403845,101000100040,"""09""",5-year plan 2024-2028
2309,2026,"""3019""",ROSE VALLEY RD,S Chester Rd / SR 0320,"""0010""","""0000""",Baltimore Ave / SR 2016,"""0070""","""3539""",SWARTHMORE,ROSE VALLEY,MEDIA,168,161,,26,,01,3.62,Delaware,30190010000000703539,301900100070,"""23""",5-year plan 2024-2028
2310,2024,"""4015""",CHEYNEY RD,Baltimore Pk / SR 0001,"""0030""","""0000""",Creek Rd / SR 4012,"""0090""","""1094""",THORNBURY,CONCORD,,168,160,,09,,07,3.07,Delaware,40150030000000901094,401500300090,"""23""",5-year plan 2024-2028
2311,2027,"""2029""",FOURTH AV,Second St / SR2002,"""0010""","""0000""",N Governor Prinz Blvd / SR 0291,"""0010""","""3037""",TINICUM,,,162,,,26,,01,0.58,Delaware,20290010000000103037,202900100010,"""23""",5-year plan 2024-2028
2314,2024,"""3033""",ENGLE ST,Ninth St / SR 6013,"""0010""","""0000""",Concord Rd / SR 3007,"""0010""","""2807""",CHESTER CITY,CHESTER,,159,,,09,,01,0.53,Delaware,30330010000000102807,303300100010,"""23""",5-year plan 2024-2028
2315,2024,"""3033""",ENGLE ST,425 Ft North of Concord Ave / SR 3007,"""0015""","""0000""",Concord Rd / SR 3007,"""0015""","""0425""",CHESTER,,,159,,,09,,01,0.08,Delaware,30330015000000150425,303300150015,"""23""",5-year plan 2024-2028
2317,2024,"""3035""",HIGHLAND AV,Fifteenth St,"""0011""","""0000""",Bethel Rd / SR 3010,"""0011""","""1598""",CHESTER CITY,,,159,,,09,,01,0.3,Delaware,30350011000000111598,303500110011,"""23""",5-year plan 2024-2028
2320,2028,"""0320""",SPROUL RD,Baltimore Pk / SR 2016,"""0120""","""0000""",Old Marple Rd / SR 1008,"""0150""","""3617""",SPRINGFIELD,,,165,,,26,,07,2,Delaware,03200120000001503617,032001200150,"""23""",5-year plan 2024-2028
2321,2028,"""0320""",SPROUL RD,Baltimore Pk / SR 2016,"""0121""","""0000""",Old Marple Rd / SR 1008,"""0151""","""3639""",SPRINGFIELD,,,165,,,26,,07,0.99,Delaware,03200121000001513639,032001210151,"""23""",5-year plan 2024-2028
2326,2026,"""0013""",CHURCH LN,Church Ln / McDade Blvd,"""0290""","""0000""",SR 2001 / SR 2016,"""0320""","""0657""",YEADON,UPPER DARBY,,191,164,,08,,05,1.06,Delaware,00130290000003200657,001302900320,"""23""",5-year plan 2024-2028
2411,2024,"""0202""",WILMINGTON PK,State Line Rd,"""0010""","""0000""",Baltimore Pk / SR0001,"""0080""","""3216""",CONCORD,CHADDS FORD,BETHEL,160,,,09,,05,2.99,Delaware,02020010000000803216,020200100080,"""23""",5-year plan 2024-2028
2340,2028,"""2034""",EDGEHILL RD,Jenkintown Rd,"""0050""","""0000""",Old Welsh Rd,"""0100""","""1685""",ABINGTON,,,153,,,04,,13,2.49,Montgomery,20340050000001001685,203400500100,"""46""",5-year plan 2024-2028
2412,2024,"""0202""",WILMINGTON PK,State Line Rd,"""0011""","""0000""",Baltimore Pk / SR0001,"""0081""","""3190""",CONCORD,CHADDS FORD,,160,,,09,,05,2.99,Delaware,02020011000000813190,020200110081,"""23""",5-year plan 2024-2028
2415,2025,"""3044""",BEAVER VALLEY R,Beaver Dam Rd,"""0010""","""0000""",SR 0202,"""0030""","""2242""",CONCORD,CHADDS FORD,,160,,,09,,05,1.64,Delaware,30440010000000302242,304400100030,"""23""",5-year plan 2024-2028
2341,2024,"""1032""",UPPER RIDGE RD,Gravel Pk,"""0010""","""0000""",Ziegler Rd,"""0100""","""3222""",GREEN LANE,MARLBOROUGH,,147,,,24,,04,5.57,Montgomery,10320010000001003222,103200100100,"""46""",5-year plan 2024-2028
2342,2025,"""2016""",EVANS RD,Plymouth Rd,"""0060""","""0000""",Welsh Rd,"""0090""","""3741""",LOWER GWYNEDD,,,061,,,12,,04,2.2,Montgomery,20160060000000903741,201600600090,"""46""",5-year plan 2024-2028
2335,2025,"""2018""",BEATTY RD,Baltimore Ave / SR 2016,"""0010""","""0000""",Sproul Rd / SR 0320,"""0040""","""3908""",SPRINGFIELD,NETHER PROVIDENCE,,165,161,,09,,01,2.06,Delaware,20180010000000403908,201800100040,"""23""",5-year plan 2024-2028
2337,2025,"""3031""",CHELSEA RD,Chichester Ave / SR 3009,"""0010""","""0000""",SR 3029 / SR 3007,"""0014""","""1749""",BETHEL,UPPER CHICHESTER,,160,,,09,,07,0.65,Delaware,30310010000000141749,303100100014,"""23""",5-year plan 2024-2028
2339,2026,"""2033""",TERWOOD RD,Welsh Rd,"""0010""","""0000""",Davisville Rd,"""0070""","""3210""",UPPER MORELAND,LOWER MORELAND,,152,,,12,,13,3.59,Montgomery,20330010000000703210,203300100070,"""46""",5-year plan 2024-2028
2569,2028,"""3007""",ARCH ST,Front St,"""0010""","""0000""",N Fifteenth St / SR 3029,"""0020""","""2881""",PHILADELPHIA,,,175,,,1,,3,1.25,Philadelphia,30070010000000202881,300700100020,"""67""",5-year plan 2024-2028
2362,2028,"""1002""",SWEDESFORD RD,Cedar Hollow Rd,"""0090""","""0000""",Bear Hill Rd / SR 0252,"""0120""","""2233""",TREDYFFRIN,,,157,,,19,,06,2.43,Chester,10020090000001202233,100200900120,"""15""",5-year plan 2024-2028
2570,2026,"""3009""",RIDGE AV,Spring Garden St / SR 2006,"""0020""","""0000""",Northwestern Ave,"""0200""","""2051""",PHILADELPHIA,,,194,190,,7,,3,1.15,Philadelphia,30090020000002002051,300900200200,"""67""",5-year plan 2024-2028
2571,2026,"""3009""",RIDGE AV,W Hunting Park Ave / SR 0013,"""0061""","""0000""",Northwestern Ave,"""0201""","""2050""",PHILADELPHIA,,,198,195,194,1,,3,9.24,Philadelphia,30090061000002012050,300900610201,"""67""",5-year plan 2024-2028
2606,2028,"""3006""",WALNUT ST,Broad St / SR 0291,"""0011""","""0000""",Front St,"""0021""","""2806""",PHILADELPHIA,,,182,175,,1,,3,1.16,Philadelphia,30060011000000212806,300600110021,"""67""",5-year plan 2024-2028
2608,2028,"""3041""",THIRTYTHIRD ST,Girard Ave / SR 2008,"""0010""","""0000""",N 33rd St / SR 0013,"""0010""","""0519""",PHILADELPHIA,,,195,,,1,,2,0.1,Philadelphia,30410010000000100519,304100100010,"""67""",5-year plan 2024-2028
2423,2025,"""0073""",BIG RD,Colonial Rd,"""0130""","""0000""",Gravel Pk,"""0182""","""0088""",UPPER FREDERICK,LOWER FREDERICK,LOWER FREDERICK,147,146,,24,,04,3.3,Montgomery,00730130000001820088,007301300182,"""46""",5-year plan 2024-2028
2444,2028,"""4023""",DEEP RUN RD,Elephant Rd / SR 4003,"""0010""","""0000""",Irish Meetinghouse Rd / SR 4025,"""0050""","""3466""",DUBLIN,BEDMINSTER,,144,143,,10,,01,2.99,Bucks,40230010000000503466,402300100050,"""09""",5-year plan 2024-2028
2424,2024,"""3014""",JOSHUA RD,Cedar Grove Ln,"""0010""","""0000""",Germantown Academy,"""0110""","""1887""",WHITEMARSH,,,148,,,07,,04,5.37,Montgomery,30140010000001101887,301400100110,"""46""",5-year plan 2024-2028
2427,2027,"""1001""",ALLENTOWN RD,Weikel Rd,"""0060""","""0000""",Harleysville Pk,"""0160""","""2764""",TOWAMENCIN,FRANCONIA,HATFIELD,061,053,,24,,04,5.14,Montgomery,10010060000001602764,100100600160,"""46""",5-year plan 2024-2028
2430,2026,"""2048""",FAIRWAY VALLEY,Frederick Rd,"""0010""","""0000""",Welsh Rd,"""0010""","""0989""",LOWER MORELAND,,,152,,,12,,04,0.19,Montgomery,20480010000000100989,204800100010,"""46""",5-year plan 2024-2028
2436,2028,"""1010""",STUMP RD,Durham Rd / SR 0413,"""0080""","""0000""",Covered Bridge Rd / 1011,"""0100""","""2324""",PLUMSTEAD,,,143,,,10,,01,1.73,Bucks,10100080000001002324,101000800100,"""09""",5-year plan 2024-2028
2437,2028,"""3011""",CEDAR GROVE RD,E Hector St,"""0050""","""0000""",Butler Pk,"""0070""","""2836""",WHITEMARSH,,,148,,,07,,04,1.18,Montgomery,30110050000000702836,301100500070,"""46""",5-year plan 2024-2028
2440,2025,"""2053""",PENN VALLEY RD,Old Bristol Pk / SR 2055,"""0010""","""0000""",Southway Dr / SR 2051,"""0070""","""1880""",FALLS,BRISTOL,,140,,,10,,01,3.35,Bucks,20530010000000701880,205300100070,"""09""",5-year plan 2024-2028
2443,2028,"""4003""",ELEPHANT RD,S Dublin Pk / SR 0313,"""0100""","""0000""",Old Bethlehem Rd / SR4041,"""0190""","""1048""",DUBLIN,BEDMINSTER,,144,143,,10,,01,5.31,Bucks,40030100000001901048,400301000190,"""09""",5-year plan 2024-2028
2460,2026,"""2020""",NEW TYBURN RD,Lincoln Hw / SR 2037,"""0010""","""0000""",Newbold Rd underpass,"""0040""","""3244""",FALLS,,,140,,,10,,08,2.33,Bucks,20200010000000403244,202000100040,"""09""",5-year plan 2024-2028
2461,2026,"""2020""",NEW TYBURN RD,Lincoln Hw / SR 2037,"""0011""","""0000""",Newbold Rd underpass,"""0041""","""3241""",FALLS,,,140,,,10,,01,2.32,Bucks,20200011000000413241,202000110041,"""09""",5-year plan 2024-2028
2463,2028,"""4025""",IRISH MEETING H,Elephant Rd / SR 4003,"""0010""","""0000""",Quarry Rd / SR 1013,"""0070""","""2375""",BEDMINSTER,,,143,,,10,,01,3.34,Bucks,40250010000000702375,402500100070,"""09""",5-year plan 2024-2028
2466,2028,"""4089""",BLOOMING GLEN R,W Main St / SR 0113,"""0030""","""0000""",100Ft Northwest of Bridgeview Drive,"""0040""","""3095""",HILLTOWN,,,144,,,10,,08,1.18,Bucks,40890030000000403095,408900300040,"""09""",5-year plan 2024-2028
2467,2028,"""4091""",KELLERS CHURCH,Easton Rd / SR 0611,"""0010""","""0000""",Ridge Rd / SR 4097,"""0120""","""2103""",PLUMSTEAD,BEDMINSTER,,143,,,10,,01,6.69,Bucks,40910010000001202103,409100100120,"""09""",5-year plan 2024-2028
2468,2027,"""0663""",JOHN FRIES HW,500Ft East of Krammes Rd / SR 4057,"""0050""","""0000""",SR 0309,"""0140""","""1521""",QUAKERTOWN,RICHLAND,MILFORD,145,,,24,,01,3.93,Bucks,06630050000001401521,066300500140,"""09""",5-year plan 2024-2028
2469,2027,"""0663""",JOHN FRIES HW,500 Ft East of Spinnerstown Rd / SR 4057,"""0051""","""0000""",SR 0309,"""0141""","""1526""",MILFORD,,,145,,,24,,08,1.28,Bucks,06630051000001411526,066300510141,"""09""",5-year plan 2024-2028
2470,2027,"""1003""",AQUETONG RD,River Rd /  SR0032,"""0010""","""0000""",Lower York Rd / SR 0202,"""0064""","""2038""",SOLEBURY,,,178,,,10,,01,3.94,Bucks,10030010000000642038,100300100064,"""09""",5-year plan 2024-2028
2477,2028,"""2010""",STRASBURG RD,West Chester Pk / SR 0003,"""0010""","""0000""",Christine Lane,"""0040""","""3147""",WEST GOSHEN,EAST GOSHEN,EAST GOSHEN,158,156,156,09,,06,1.94,Chester,20100010000000403147,201000100040,"""15""",5-year plan 2024-2028
2478,2024,"""0010""",COMPASS RD,Lincoln Hwy / SR 0030,"""0290""","""0000""",Beaver Dam Rd,"""0430""","""1440""",WEST SADSBURY,WEST CALN,SADSBURY,074,026,,19,,06,6.1,Chester,00100290000004301440,001002900430,"""15""",5-year plan 2024-2028
2479,2028,"""3063""",COPELAND SCHOOL,Downingtown Pk / SR 0322,"""0030""","""0000""",Conner Rd / SR 3063,"""0040""","""2689""",EAST BRADFORD,,,158,,,19,,06,0.78,Chester,30630030000000402689,306300300040,"""15""",5-year plan 2024-2028
2483,2028,"""0023""",RIDGE RD,Pottstown Pike / SR 0100,"""0240""","""0000""",Crossover Rd / SR 0724,"""0370""","""1970""",SOUTH COVENTRY,EAST VINCENT,EAST PIKELAND,155,026,,44,,06,6.75,Chester,00230240000003701970,002302400370,"""15""",5-year plan 2024-2028
2492,2026,"""3041""",FRIENDS MEETING,Gap Newport Pk / SR 0041,"""0010""","""0000""",Gumtree Rd / SR 3043,"""0050""","""2771""",LONDONDERRY,HIGHLAND,,013,,,19,,07,3.09,Chester,30410010000000502771,304100100050,"""15""",5-year plan 2024-2028
2494,2027,"""3062""",STRASBURG RD,Doe Run Rd / SR 0082,"""0060""","""0000""",North of the Romansville Rd Roundabout,"""0180""","""1750""",WEST BRADFORD,NEWLIN,EAST FALLOWFIELD,158,074,,19,,06,5.36,Chester,30620060000001801750,306200600180,"""15""",5-year plan 2024-2028
2497,2027,"""0073""",CHURCH RD,Panther Rd,"""0610""","""0000""",Washington Ln,"""0640""","""1862""",CHELTENHAM,,,154,,,04,,04,1.81,Montgomery,00730610000006401862,007306100640,"""46""",5-year plan 2024-2028
2498,2027,"""0073""",WASHINGTON LN,Church Rd,"""0631""","""0000""",Washington Ln,"""0641""","""1862""",CHELTENHAM,,,154,,,04,,04,0.7,Montgomery,00730631000006411862,007306310641,"""46""",5-year plan 2024-2028
2499,2028,"""0113""",TRAPPE RD,Ramsgate Dr,"""0030""","""0000""",Borough Line Rd,"""0060""","""2029""",UPPER PROVIDENCE,,,157,150,,44,,04,1.91,Montgomery,01130030000000602029,011300300060,"""46""",5-year plan 2024-2028
2501,2028,"""3028""",CHURCH RD,S Gulph Rd,"""0020""","""0000""",S Henderson Rd,"""0030""","""3077""",UPPER MERION,,,149,,,17,,04,0.94,Montgomery,30280020000000303077,302800200030,"""46""",5-year plan 2024-2028
2503,2028,"""3033""",GUTHRIE RD,Swedesford Rd,"""0010""","""0000""",N Gulph Rd,"""0010""","""3573""",UPPER MERION,,,149,,,17,,04,0.68,Montgomery,30330010000000103573,303300100010,"""46""",5-year plan 2024-2028
2504,2028,"""3034""",ROBERTS RD,Lancaster Ave,"""0010""","""0000""",Millbank Rd,"""0020""","""3747""",LOWER MERION,,,166,149,,17,,05,0.89,Montgomery,30340010000000203747,303400100020,"""46""",5-year plan 2024-2028
2505,2028,"""3037""",BALLIGOMINGO RD,Holstein Rd,"""0012""","""0000""",Front St,"""0022""","""3437""",WEST CONSHOHOCKEN,UPPER MERION,,149,,,17,,04,1.39,Montgomery,30370012000000223437,303700120022,"""46""",5-year plan 2024-2028
2512,2027,"""4022""",LEWIS RD,250 S of Interchange,"""0050""","""0000""",W Ridge Pk,"""0070""","""1810""",LIMERICK,,,146,,,44,,04,1.61,Montgomery,40220050000000701810,402200500070,"""46""",5-year plan 2024-2028
2513,2027,"""4022""",LEWIS RD,250 S of Interchange,"""0051""","""0000""",500 N of Linfield Trappe Rd,"""0051""","""1967""",LIMERICK,,,146,,,44,,04,0.37,Montgomery,40220051000000511967,402200510051,"""46""",5-year plan 2024-2028
2515,2028,"""4017""",LINFIELD TRAPPE,S Township Line Rd,"""0062""","""0000""",W Main St,"""0082""","""1663""",UPPER PROVIDENCE,,,150,146,,44,,04,1.28,Montgomery,40170062000000821663,401700620082,"""46""",5-year plan 2024-2028
2518,2027,"""4034""",KEIM ST,Grace St,"""0010""","""0000""",N Charlotte St,"""0030""","""3785""",LOWER POTTSGROVE,,,146,,,44,,04,2.13,Montgomery,40340010000000303785,403400100030,"""46""",5-year plan 2024-2028
2540,2025,"""1016""",HOLME AV,Roosevelt Blvd / SR 6001,"""0002""","""0000""",Academy Rd / SR 1013,"""0050""","""1259""",PHILADELPHIA,,,174,172,,5,,13,2,Philadelphia,10160002000000501259,101600020050,"""67""",5-year plan 2024-2028
2525,2028,"""2019""",FOX CHASE RD,S Cedar Rd,"""0010""","""0000""",Huntington Pk,"""0010""","""1596""",ROCKLEDGE,,,153,,,04,,04,0.3,Montgomery,20190010000000101596,201900100010,"""46""",5-year plan 2024-2028
2527,2028,"""2044""",EDGE HILL RD,Moreland Rd,"""0010""","""0000""",Terwood Rd,"""0020""","""2358""",UPPER MORELAND,,,152,,,12,,04,0.96,Montgomery,20440010000000202358,204400100020,"""46""",5-year plan 2024-2028
2531,2028,"""3019""",MARSHALL ST,Marshall St,"""0020""","""0000""",SR 3004,"""0030""","""3106""",WEST NORRITON,,,149,,,44,,04,1.23,Montgomery,30190020000000303106,301900200030,"""46""",5-year plan 2024-2028
2538,2027,"""0001""",ROOSEVELT BL,Strahle St,"""0291""","""0000""", Bucks County Line,"""0381""","""3012""",PHILADELPHIA,,,202,197,179,3,,2,6.57,Philadelphia,00010291000003813012,000102910381,"""67""",5-year plan 2024-2028
2541,2025,"""1016""",HOLME AV,Roosevelt Blvd / SR 6001,"""0003""","""0000""",Academy Rd / SR 1013,"""0051""","""1350""",PHILADELPHIA,,,174,172,,5,,13,1.99,Philadelphia,10160003000000511350,101600030051,"""67""",5-year plan 2024-2028
2542,2025,"""1024""",ROBBINS ST,Frankford Ave / SR 0013,"""0010""","""0000""",Levick St / SR 1008,"""0020""","""1773""",PHILADELPHIA,,,173,,,2,,1,0.94,Philadelphia,10240010000000201773,102400100020,"""67""",5-year plan 2024-2028
2543,2026,"""2001""",OREGON AV,S Broad St / SR 0291,"""0010""","""0000""",S Christopher Columbus Blvd ,"""0040""","""2348""",PHILADELPHIA,,,184,,,1,,1,1.8,Philadelphia,20010010000000402348,200100100040,"""67""",5-year plan 2024-2028
2544,2026,"""2001""",OREGON AV,S Broad St / SR 0291,"""0011""","""0000""",S Christopher Columbus Blvd ,"""0041""","""2358""",PHILADELPHIA,,,184,,,1,,1,1.78,Philadelphia,20010011000000412358,200100110041,"""67""",5-year plan 2024-2028
2547,2025,"""2010""",CECIL B MOORE A,Ridge Ave / SR 3009,"""0022""","""0000""",Tenth St,"""0040""","""1959""",PHILADELPHIA,,,181,,,3,,2,1.15,Philadelphia,20100022000000401959,201000220040,"""67""",5-year plan 2024-2028
2548,2028,"""3018""",HAVERFORD AV,City Ave / SR 0001,"""0010""","""0000""",Lancaster Ave / SR 3005,"""0090""","""1395""",PHILADELPHIA,,,192,190,,7,,1,3.92,Philadelphia,30180010000000901395,301800100090,"""67""",5-year plan 2024-2028
2549,2026,"""4001""",HENRY AV,Walnut Ln / SR 4013,"""0070""","""0000""",Ridge Ave / SR 3009,"""0130""","""0958""",PHILADELPHIA,,,194,,,3,,3,3.18,Philadelphia,40010070000001300958,400100700130,"""67""",5-year plan 2024-2028
2550,2026,"""4001""",HENRY AV,Walnut Ln / SR 4013,"""0071""","""0000""",Ridge Ave / SR 3009,"""0131""","""1276""",PHILADELPHIA,,,194,,,3,,3,3.13,Philadelphia,40010071000001311276,400100710131,"""67""",5-year plan 2024-2028
2551,2028,"""4002""",STENTON AV,Paper Mill Rd / SR 2032,"""0010""","""0000""",Ivy Hill Rd,"""0040""","""0828""",PHILADELPHIA,,,200,154,,4,,2,1.55,Philadelphia,40020010000000400828,400200100040,"""67""",5-year plan 2024-2028
2552,2028,"""4002""",STENTON AV,Paper Mill Rd / SR 2032,"""0011""","""0000""",Ivy Hill Rd,"""0041""","""0824""",PHILADELPHIA,,,200,,,4,,2,1.55,Philadelphia,40020011000000410824,400200110041,"""67""",5-year plan 2024-2028
2554,2028,"""4009""",ROBERTS AV,Henry Ave / SR 4001,"""0010""","""0000""",Germantown Ave / SR 4005,"""0040""","""0918""",PHILADELPHIA,,,198,194,,7,,3,1.52,Philadelphia,40090010000000400918,400900100040,"""67""",5-year plan 2024-2028
2555,2027,"""0001""",ROOSEVELT BL,Ninth St,"""0160""","""0000""",Strahle St,"""0280""","""3543""",PHILADELPHIA,,,174,173,170,5,,2,5.24,Philadelphia,00010160000002803543,000101600280,"""67""",5-year plan 2024-2028
2556,2027,"""0001""",ROOSEVELT BL,Ninth St,"""0161""","""0000""",Strahle St,"""0281""","""3522""",PHILADELPHIA,,,174,173,170,5,,2,5.24,Philadelphia,00010161000002813522,000101610281,"""67""",5-year plan 2024-2028
2620,2027,"""0001""",ROOSEVELT BL,Strahle St,"""0290""","""0000""",Bucks County Line,"""0380""","""3030""",PHILADELPHIA,,,202,201,179,3,,2,6.52,Philadelphia,00010290000003803030,000102900380,"""67""",5-year plan 2024-2028
2630,2028,"""2008""",GIRARD AV,N Thirty-Third St / SR 0013,"""0002""","""0000""",Richmond St / SR 2001,"""0070""","""1573""",PHILADELPHIA,,,195,181,175,1,,3,3.95,Philadelphia,20080002000000701573,200800020070,"""67""",5-year plan 2024-2028
2631,2028,"""2008""",GIRARD AV,N Broad St / SR 0611,"""0031""","""0000""",E Susquehanna Ave,"""0061""","""2151""",PHILADELPHIA,,,181,175,,1,,2,1.91,Philadelphia,20080031000000612151,200800310061,"""67""",5-year plan 2024-2028
2323,2027,"""0003""",WEST CHESTER PK,825Ft West of Sandy Flash Dr,"""0011""","""0000""",Ellis Ave,"""0051""","""1743""",NEWTOWN,EDGMONT,,168,,,09,,05,2.92,Delaware,00030011000000511743,000300110051,"""23""",5-year plan 2024-2028
2561,2028,"""1002""",CHELTENHAM AV,Bellmawr Rd,"""0035""","""0000""",Tookany Creek Pkwy,"""0035""","""1674""",PHILADELPHIA,,,,,,,,2,0.32,Philadelphia,10020035000000351674,100200350035,"""67""",5-year plan 2024-2028
